"train_step_time_in_seconds","validation/loss","sparse_categorical_accuracy","loss","round_num","train_steps_per_hour","validation/sparse_categorical_accuracy","validation/validation_time_in_seconds"
"",4.137058734893799,"","",0.0,"",0.004400965292006731,197.7840793132782
95.50198221206665,4.12725830078125,0.032499998807907104,4.143143177032471,1,37.695552664090584,0.004400965292006731,175.18586373329163
17.03913640975952,4.114248752593994,0.017500000074505806,4.1307373046875,2,211.27831325641745,0.004400965292006731,185.96679067611694
17.314725637435913,4.097376823425293,0.032499998807907104,4.100862979888916,3,207.91550934058654,0.016713343560695648,176.5872151851654
16.937161922454834,4.079232215881348,0.02250000089406967,4.104626655578613,4,212.55036802991276,0.05565091595053673,181.09025382995605
17.437905311584473,4.059927463531494,0.05999999865889549,4.048983573913574,5,206.4468143205493,0.05565091595053673,176.89258098602295
18.360213041305542,4.04066801071167,0.05000000074505806,4.080562591552734,6,196.07615619170477,0.05565091595053673,190.33662247657776
21.1219482421875,4.022054195404053,0.029999999329447746,4.030617713928223,7,170.43882310106284,0.05565091595053673,203.7913374900818
18.105699062347412,4.0041327476501465,0.027499999850988388,4.044162750244141,8,198.83242218946162,0.0556638240814209,205.03810620307922
19.472909212112427,3.986377716064453,0.07249999791383743,3.9620349407196045,9,184.8722222645987,0.05567672848701477,208.3523087501526
19.14491057395935,3.9697022438049316,0.03750000149011612,4.006796360015869,10,188.03953071980766,0.05570254102349281,219.1867711544037
16.46797513961792,3.9530179500579834,0.06499999761581421,3.9307875633239746,11,218.6061109200536,0.05588322505354881,216.29923486709595
22.04754662513733,3.936568260192871,0.0625,3.962783098220825,12,163.28347372199178,0.06703405827283859,216.2690784931183
19.363211393356323,3.9205660820007324,0.07249999791383743,3.931906223297119,13,185.9195733015232,0.08991649746894836,209.69556856155396
20.0863835811615,3.9060826301574707,0.042500000447034836,3.9798662662506104,14,179.22589128370262,0.05145644769072533,214.49685502052307
17.19229745864868,3.892723560333252,0.04749999940395355,3.958284378051758,15,209.39609779663274,0.050243280827999115,212.80980229377747
19.021286725997925,3.8804495334625244,0.06499999761581421,3.92193603515625,16,189.26164417045405,0.05021746829152107,217.77712535858154
23.30620789527893,3.8691978454589844,0.05999999865889549,3.941270112991333,17,154.4652830771857,0.05017874762415886,217.47678637504578
19.52422857284546,3.8579442501068115,0.08500000089406967,3.79305362701416,18,184.38628632974135,0.05015293508768082,212.4994339942932
20.98995065689087,3.847727060317993,0.05000000074505806,3.9082794189453125,19,171.51064615857695,0.05408928543329239,218.07949590682983
18.533729553222656,3.838953733444214,0.054999999701976776,3.9020419120788574,20,194.24045169440978,0.06720183789730072,205.66604948043823
17.028361558914185,3.8315300941467285,0.042500000447034836,3.9376769065856934,21,211.41200153313838,0.08838067948818207,214.9924566745758
19.123655557632446,3.825052261352539,0.042500000447034836,3.8976552486419678,22,188.24852754489208,0.09435617923736572,214.56142950057983
21.44794249534607,3.819145441055298,0.04500000178813934,3.8371307849884033,23,167.8482679996533,0.08280526101589203,224.10481095314026
18.851264715194702,3.8141863346099854,0.0625,3.889430046081543,24,190.96861958011172,0.08613502234220505,204.89073729515076
18.935703992843628,3.810047149658203,0.042500000447034836,3.878962993621826,25,190.11704034666724,0.08880657702684402,198.108238697052
17.399837732315063,3.806455135345459,0.05999999865889549,3.844569444656372,26,206.89848120330814,0.10034459084272385,191.3833498954773
16.80732488632202,3.8041133880615234,0.04749999940395355,3.9571692943573,27,214.19232533130352,0.09609849750995636,201.12735033035278
15.926812171936035,3.8021934032440186,0.06750000268220901,3.810349941253662,28,226.03393329039244,0.06469806283712387,195.73984098434448
21.54183053970337,3.801823139190674,0.03999999910593033,3.949350595474243,29,167.11671709444113,0.05345688760280609,195.42537474632263
18.07313871383667,3.801535129547119,0.04500000178813934,3.846602201461792,30,199.1906362807842,0.0516500398516655,192.15478372573853
18.008710384368896,3.800837278366089,0.07000000029802322,3.724141836166382,31,199.9032647626289,0.051817819476127625,201.83580613136292
14.640379190444946,3.799863815307617,0.06750000268220901,3.7959442138671875,32,245.89527041413942,0.05269543081521988,198.97256326675415
16.20020079612732,3.798757553100586,0.05999999865889549,3.8078789710998535,33,222.21946785132351,0.054902367293834686,201.58307456970215
17.493853092193604,3.797250747680664,0.07999999821186066,3.8308215141296387,34,205.78656863229585,0.06783423572778702,194.482768535614
23.02668809890747,3.7959084510803223,0.05999999865889549,3.831289052963257,35,156.3403292968912,0.08266329020261765,202.87555122375488
15.038177490234375,3.793712854385376,0.05249999836087227,3.7544665336608887,36,239.39071089816568,0.07109946757555008,192.40860295295715
18.401068687438965,3.7918148040771484,0.0625,3.866147518157959,37,195.6408109305875,0.054966896772384644,192.60147404670715
15.958252668380737,3.7901675701141357,0.03750000149011612,3.8600308895111084,38,225.58860765082042,0.05109507963061333,188.61952996253967
19.433699369430542,3.788518190383911,0.04500000178813934,3.8304803371429443,39,185.24522436849293,0.05064336583018303,197.00233602523804
18.231278896331787,3.7859222888946533,0.054999999701976776,3.7787389755249023,40,197.46283409247474,0.06691790372133255,192.33738803863525
17.583834409713745,3.7834420204162598,0.05000000074505806,3.8739707469940186,41,204.7335021541872,0.09862808883190155,203.1388692855835
20.263728141784668,3.779848575592041,0.054999999701976776,3.7468879222869873,42,177.65733801849854,0.092200867831707,200.42405343055725
17.933095932006836,3.776320695877075,0.05000000074505806,3.832321882247925,43,200.7461518997816,0.07562949508428574,198.05991792678833
17.165730714797974,3.772162437438965,0.054999999701976776,3.7481093406677246,44,209.72017211574726,0.06451737880706787,197.20122456550598
18.948933601379395,3.767686605453491,0.05000000074505806,3.791038751602173,45,189.98430601592992,0.05870965123176575,194.28287649154663
17.598742246627808,3.7627365589141846,0.08500000089406967,3.7249937057495117,46,204.5600730750981,0.05639946833252907,194.724760055542
17.662107706069946,3.7576217651367188,0.07500000298023224,3.755880832672119,47,203.8261831436339,0.05615425482392311,199.7640872001648
15.334256649017334,3.7523272037506104,0.05999999865889549,3.7455103397369385,48,234.76847182094733,0.05667049437761307,197.3768825531006
23.00644063949585,3.747969388961792,0.08749999850988388,3.7391018867492676,49,156.47792096182715,0.05765135586261749,193.49510788917542
14.972301244735718,3.7448999881744385,0.04749999940395355,3.858166456222534,50,240.44399996732398,0.06028418987989426,199.05572891235352
16.967410802841187,3.7422943115234375,0.054999999701976776,3.7380428314208984,51,212.17144099541582,0.061961978673934937,192.7900195121765
15.19144606590271,3.741180658340454,0.06750000268220901,3.8421926498413086,52,236.97546529689632,0.06711149215698242,197.5254762172699
17.12925434112549,3.7397990226745605,0.05000000074505806,3.723407030105591,53,210.16676665001052,0.07761702686548233,194.34682273864746
15.362050294876099,3.738861322402954,0.07249999791383743,3.7286369800567627,54,234.34371915842212,0.09408515691757202,193.52032041549683
17.572247982025146,3.7392525672912598,0.04749999940395355,3.8501925468444824,55,204.8684951226776,0.1206200048327446,186.16038346290588
24.161526918411255,3.739886522293091,0.057500001043081284,3.7566940784454346,56,148.99720585360748,0.13117715716362,197.82697749137878
15.725968599319458,3.7421417236328125,0.057500001043081284,3.8821959495544434,57,228.9207165373451,0.13192571699619293,192.74154925346375
16.447945594787598,3.744173288345337,0.07249999791383743,3.7349326610565186,58,218.87231929687624,0.1337841898202896,195.64490604400635
20.547006130218506,3.7457478046417236,0.06750000268220901,3.7167904376983643,59,175.20800729725173,0.1311255395412445,191.17041563987732
12.722080707550049,3.746203899383545,0.08500000089406967,3.6921935081481934,60,282.97257993840134,0.11770323663949966,201.42855596542358
18.040369510650635,3.745628595352173,0.0625,3.7352514266967773,61,199.55245361657586,0.1007704883813858,193.10539078712463
17.41080355644226,3.744441032409668,0.07999999821186066,3.7050137519836426,62,206.76817059761413,0.09425293654203415,196.8531756401062
17.05155920982361,3.7444584369659424,0.04749999940395355,3.868332624435425,63,211.12438784636169,0.08787734061479568,195.0785117149353
25.51182198524475,3.7445387840270996,0.0625,3.7566287517547607,64,141.11105048013147,0.0797981470823288,196.04501080513
18.64279341697693,3.7438769340515137,0.04500000178813934,3.7418830394744873,65,193.1041083532946,0.08049507439136505,190.09545397758484
17.902273893356323,3.742591142654419,0.06499999761581421,3.7335398197174072,66,201.09177311469853,0.08604468405246735,203.99758005142212
16.55972170829773,3.7409565448760986,0.05999999865889549,3.7144200801849365,67,217.3949576819347,0.09185240417718887,192.50018548965454
19.973164081573486,3.739028215408325,0.06750000268220901,3.7476389408111572,68,180.2418477761983,0.09218796342611313,193.6132686138153
19.083739042282104,3.738234519958496,0.054999999701976776,3.8242053985595703,69,188.64227770164993,0.08756759762763977,187.71558475494385
19.554418563842773,3.7353107929229736,0.0925000011920929,3.616098403930664,70,184.10161305724546,0.08445723354816437,202.52075338363647
17.8078932762146,3.7319202423095703,0.05999999865889549,3.726564645767212,71,202.1575457669885,0.092562235891819,197.28623747825623
16.67674708366394,3.7284889221191406,0.042500000447034836,3.701540231704712,72,215.86943676362736,0.08328278362751007,208.61718773841858
17.97740364074707,3.7250897884368896,0.07249999791383743,3.7000067234039307,73,200.25138623690592,0.07188673317432404,194.4030659198761
16.869125843048096,3.7222580909729004,0.07500000298023224,3.740008592605591,74,213.40762013958118,0.06069718673825264,194.6946165561676
18.11905789375305,3.7205560207366943,0.05249999836087227,3.7604002952575684,75,198.68582688513732,0.059148456901311874,193.39982223510742
17.676515817642212,3.7185301780700684,0.05999999865889549,3.6440865993499756,76,203.66004461167546,0.060180943459272385,197.9056420326233
15.571614503860474,3.715449333190918,0.05000000074505806,3.5868542194366455,77,231.1899000008957,0.059522733092308044,193.44409227371216
19.404168605804443,3.7126877307891846,0.042500000447034836,3.6721768379211426,78,185.5271448694338,0.0601293183863163,187.3063464164734
16.577118158340454,3.7109897136688232,0.04500000178813934,3.795706272125244,79,217.16681787592435,0.0609424002468586,174.31619119644165
16.7862069606781,3.710261106491089,0.03999999910593033,3.794389009475708,80,214.46179047077433,0.08329568803310394,179.08124828338623
22.557692289352417,3.7101004123687744,0.0625,3.7051820755004883,81,159.59079296862544,0.09318172931671143,182.72597360610962
14.177919387817383,3.7103137969970703,0.08749999850988388,3.646202802658081,82,253.91595914230973,0.07106074690818787,179.73205375671387
15.862528562545776,3.710841417312622,0.08250000327825546,3.6757378578186035,83,226.94994595629817,0.06769226491451263,171.35963916778564
17.1459538936615,3.711880683898926,0.057500001043081284,3.682600975036621,84,209.962071654167,0.0667630285024643,177.1326448917389
15.820476293563843,3.7134294509887695,0.0625,3.6731536388397217,85,227.55319961286932,0.0718092992901802,179.65774941444397
15.630743741989136,3.7148208618164062,0.07500000298023224,3.6479907035827637,86,230.3153362004943,0.07752668112516403,180.63024258613586
14.981104850769043,3.715918779373169,0.07000000029802322,3.651550054550171,87,240.30270369646314,0.08463791757822037,182.24311208724976
16.967087984085083,3.7162840366363525,0.07500000298023224,3.643648147583008,88,212.17547780601805,0.09034239500761032,180.10570740699768
17.73262882232666,3.7169644832611084,0.05249999836087227,3.738330364227295,89,203.01558421317316,0.11494134366512299,188.4159917831421
22.652047872543335,3.7186200618743896,0.04749999940395355,3.852079153060913,90,158.92602824504795,0.12573081254959106,187.0955512523651
13.824410676956177,3.7188310623168945,0.07999999821186066,3.5989081859588623,91,260.4089305593921,0.14063730835914612,195.74543595314026
15.223235607147217,3.718569278717041,0.05999999865889549,3.671952486038208,92,236.48060720480615,0.1399661898612976,183.35947704315186
15.61739206314087,3.7187483310699463,0.05249999836087227,3.806319236755371,93,230.51223824344402,0.14120516180992126,187.7887511253357
18.781110048294067,3.721083879470825,0.06499999761581421,3.84865665435791,94,191.68196079693365,0.13119006156921387,186.63764262199402
17.481575965881348,3.723566770553589,0.05000000074505806,3.7375173568725586,95,205.93109036771577,0.1227366030216217,185.54472947120667
16.82728600502014,3.7260141372680664,0.03500000014901161,3.798158884048462,96,213.93824285900885,0.11019191145896912,187.44068098068237
16.495675563812256,3.7273857593536377,0.06499999761581421,3.7127580642700195,97,218.23901579984863,0.0850767269730568,185.77368354797363
16.677515506744385,3.725351333618164,0.06750000268220901,3.650498628616333,98,215.85949049450207,0.06282668560743332,178.37631511688232
18.083600521087646,3.7232863903045654,0.04749999940395355,3.7698683738708496,99,199.07539960319122,0.05765135586261749,185.1184811592102
25.321791410446167,3.720072031021118,0.06750000268220901,3.676551580429077,100,142.17003614186905,0.059148456901311874,181.90933895111084
18.45699906349182,3.715606927871704,0.057500001043081284,3.656506299972534,101,195.04795918426663,0.07248041778802872,186.51987957954407
14.935214042663574,3.7098751068115234,0.07999999821186066,3.6282687187194824,102,241.04107177281332,0.09032949060201645,183.35897064208984
14.122684240341187,3.7028775215148926,0.0925000011920929,3.5622549057006836,103,254.90904836041483,0.09577585011720657,191.1797251701355
16.20136332511902,3.697505474090576,0.07249999791383743,3.6100409030914307,104,222.20352249112673,0.0981118455529213,179.7721302509308
15.967372417449951,3.694472551345825,0.07500000298023224,3.632838726043701,105,225.45976293918827,0.09818927943706512,185.49728560447693
19.89033794403076,3.693190336227417,0.05249999836087227,3.6537997722625732,106,180.99239993458164,0.09629209339618683,190.60005497932434
17.44378161430359,3.6927664279937744,0.04749999940395355,3.463458776473999,107,206.3772683927701,0.09425293654203415,190.67781710624695
13.74643325805664,3.692880630493164,0.05000000074505806,3.7981793880462646,108,261.88611492294393,0.09173624962568283,187.91826939582825
14.667779207229614,3.692802667617798,0.10249999910593033,3.7609972953796387,109,245.4359279028139,0.09218796342611313,182.51902723312378
27.13757848739624,3.692570447921753,0.07999999821186066,3.5202410221099854,110,132.6573777270504,0.09404643625020981,187.42318892478943
15.305851697921753,3.692169666290283,0.06750000268220901,3.619229316711426,111,235.20416054265132,0.09613721817731857,183.66154670715332
16.548638105392456,3.6920554637908936,0.057500001043081284,3.7712109088897705,112,217.5405599586423,0.09842158854007721,170.71798396110535
17.779572248458862,3.6931519508361816,0.0625,3.70158314704895,113,202.47956192039712,0.09897655248641968,179.96804022789001
13.28713083267212,3.6957316398620605,0.07999999821186066,3.6616430282592773,114,270.9388539433851,0.09634371101856232,183.48993515968323
16.629734754562378,3.6989574432373047,0.05000000074505806,3.6632468700408936,115,216.4797005563987,0.09023915231227875,177.68199372291565
18.361896991729736,3.701326370239258,0.08250000327825546,3.5659375190734863,116,196.0581742519007,0.07796549052000046,174.94714856147766
16.117311239242554,3.705113172531128,0.05999999865889549,3.8059496879577637,117,223.36231810394605,0.06544661521911621,182.85269618034363
15.762821197509766,3.7111854553222656,0.03750000149011612,3.8431901931762695,118,228.38551264977448,0.06321386992931366,173.1740596294403
15.490167140960693,3.7141849994659424,0.07249999791383743,3.596611976623535,119,232.4054974513806,0.064504474401474,178.35920023918152
20.287835121154785,3.715296745300293,0.0925000011920929,3.681830406188965,120,177.44623704311175,0.06464643776416779,177.36674308776855
15.615819454193115,3.7131974697113037,0.07249999791383743,3.6445858478546143,121,230.53545224188275,0.06480131298303604,176.72099995613098
17.35239291191101,3.7070889472961426,0.0625,3.5648353099823,122,207.46418193014128,0.06401403993368149,179.1687717437744
14.945903062820435,3.6981966495513916,0.07750000059604645,3.5382299423217773,123,240.86868387065837,0.06238787993788719,182.8205327987671
16.509543657302856,3.6917264461517334,0.0625,3.7424306869506836,124,218.05569401111646,0.06262018531560898,181.1437804698944
17.26908278465271,3.6860992908477783,0.08250000327825546,3.6607086658477783,125,208.46503806208938,0.06747286766767502,175.07027649879456
17.050721645355225,3.68047833442688,0.07249999791383743,3.539937973022461,126,211.1347586851653,0.07784933596849442,176.8432514667511
17.763336181640625,3.677567481994629,0.057500001043081284,3.7046468257904053,127,202.66463254356444,0.0954015702009201,175.99838495254517
15.848502397537231,3.675316333770752,0.06750000268220901,3.6364405155181885,128,227.15080010079816,0.11885187774896622,174.23356938362122
15.607990026473999,3.6745593547821045,0.04749999940395355,3.764591932296753,129,230.65109561793307,0.13746240735054016,179.15408158302307
22.129664182662964,3.6746294498443604,0.054999999701976776,3.804302453994751,130,162.67757026427662,0.14559322595596313,182.51632857322693
15.129340887069702,3.67639422416687,0.08250000327825546,3.7150866985321045,131,237.94823759154914,0.1401081532239914,177.51308608055115
14.855499267578125,3.6779160499572754,0.07750000059604645,3.5424227714538574,132,242.3345008576682,0.1281055212020874,180.8859932422638
12.775583982467651,3.6795926094055176,0.03999999910593033,3.590456485748291,133,281.7875100614106,0.10297742486000061,182.02852296829224
13.791061639785767,3.681015968322754,0.07750000059604645,3.6151320934295654,134,261.03864184134875,0.09647277742624283,176.71499013900757
17.738257884979248,3.681605577468872,0.06499999761581421,3.630228042602539,135,202.9511592030962,0.09780209511518478,171.0483102798462
15.011306285858154,3.681036949157715,0.08749999850988388,3.5229296684265137,136,239.81923567780953,0.09647277742624283,181.02690982818604
15.470470190048218,3.680804491043091,0.07000000029802322,3.692007064819336,137,232.70139535356807,0.10034459084272385,177.31788325309753
13.523641347885132,3.68170166015625,0.05999999865889549,3.734983444213867,138,266.20049344646213,0.11437347531318665,179.4630160331726
13.286133766174316,3.683091878890991,0.06750000268220901,3.7445614337921143,139,270.9591867248379,0.13864976167678833,179.8979775905609
25.116692304611206,3.6839234828948975,0.10249999910593033,3.6457865238189697,140,143.33097512760753,0.16367460787296295,173.22684931755066
17.038366079330444,3.685255527496338,0.07249999791383743,3.668426513671875,141,211.28786547010665,0.18335634469985962,175.7643280029297
15.106559991836548,3.6862072944641113,0.07249999791383743,3.6590569019317627,142,238.30706672766058,0.19759173691272736,181.7412805557251
16.15540862083435,3.687007188796997,0.05999999865889549,3.6530816555023193,143,222.83558927487388,0.20478039979934692,168.1670320034027
14.796023845672607,3.6892290115356445,0.07500000298023224,3.7637979984283447,144,243.30861030971448,0.19867584109306335,178.374009847641
13.95425295829773,3.6900510787963867,0.08250000327825546,3.630518913269043,145,257.98586357568524,0.1797942817211151,180.66722631454468
12.951024293899536,3.6903650760650635,0.06499999761581421,3.691483736038208,146,277.970291639075,0.16426828503608704,175.47377276420593
16.9712233543396,3.6887147426605225,0.07500000298023224,3.649873971939087,147,212.12377710411005,0.16235819458961487,171.30885338783264
13.20608377456665,3.687429904937744,0.07999999821186066,3.7128353118896484,148,272.6016328120811,0.1617128849029541,182.35753631591797
14.154747486114502,3.6823649406433105,0.0949999988079071,3.5036239624023438,149,254.3316299730194,0.158331498503685,176.86223697662354
19.999902725219727,3.678157329559326,0.07500000298023224,3.7128207683563232,150,180.00087547728057,0.15172360837459564,166.57616901397705
14.433793067932129,3.675037145614624,0.057500001043081284,3.7079968452453613,151,249.41468836755033,0.14305073022842407,165.06109476089478
13.807383298873901,3.672616481781006,0.057500001043081284,3.7786898612976074,152,260.7300689837159,0.13551360368728638,164.35608577728271
14.072779178619385,3.6701269149780273,0.07500000298023224,3.6372146606445312,153,255.8130099468511,0.1301317662000656,158.10721063613892
13.2005455493927,3.667309284210205,0.0949999988079071,3.5962939262390137,154,272.71600151143906,0.12046513706445694,168.48985600471497
14.413440227508545,3.6642181873321533,0.10499999672174454,3.537498712539673,155,249.76688029893634,0.10930139571428299,159.26030898094177
12.355544090270996,3.661693572998047,0.11999999731779099,3.6552906036376953,156,291.36717684773697,0.10034459084272385,167.96682596206665
15.731160402297974,3.6605916023254395,0.05999999865889549,3.753441095352173,157,228.84516513315316,0.09315592050552368,159.34358167648315
14.556556463241577,3.660630702972412,0.06499999761581421,3.714101552963257,158,247.3112380040411,0.0973891019821167,165.11022281646729
15.99530577659607,3.659911632537842,0.0949999988079071,3.484920024871826,159,225.06603188964542,0.10289999097585678,162.15709352493286
17.163504123687744,3.6589365005493164,0.08250000327825546,3.5369021892547607,160,209.74737874368893,0.10358401387929916,169.07771468162537
15.292104244232178,3.6576852798461914,0.0925000011920929,3.54270076751709,161,235.41560680622715,0.10917233675718307,155.68780303001404
13.46184253692627,3.6560845375061035,0.10750000178813934,3.489772081375122,162,267.4225307661328,0.11392176151275635,164.68039441108704
13.976926326751709,3.6546459197998047,0.13249999284744263,3.5363657474517822,163,257.56735893424815,0.10727514326572418,159.31798434257507
13.847407341003418,3.6537487506866455,0.09000000357627869,3.6224191188812256,164,259.97646428296196,0.10132545232772827,162.13063430786133
15.789626598358154,3.6531267166137695,0.08749999850988388,3.6342406272888184,165,227.99779194109234,0.098021499812603,159.74221062660217
11.19037389755249,3.6525914669036865,0.07000000029802322,3.6601974964141846,166,321.7050683880524,0.10105442255735397,168.17701625823975
13.812323808670044,3.652696371078491,0.08500000089406967,3.612056255340576,167,260.63680882866845,0.10617812722921371,158.36965560913086
14.445030689239502,3.654137134552002,0.07750000059604645,3.69873046875,168,249.2206543169021,0.11392176151275635,166.58880066871643
11.858909845352173,3.656315326690674,0.07999999821186066,3.587132215499878,169,303.5692190046404,0.12567918002605438,165.81062126159668
13.851246356964111,3.6589744091033936,0.08500000089406967,3.6700072288513184,170,259.9044091212772,0.150342658162117,174.66843032836914
16.00156593322754,3.6624295711517334,0.06499999761581421,3.6904921531677246,171,224.97798121898404,0.18707329034805298,159.49904322624207
14.660727739334106,3.6635146141052246,0.10000000149011612,3.5829977989196777,172,245.55397685623436,0.20841990411281586,167.90162920951843
15.15496826171875,3.6629059314727783,0.07999999821186066,3.6050548553466797,173,237.5458620453566,0.2301408052444458,163.363219499588
14.187719583511353,3.6591930389404297,0.09749999642372131,3.583909273147583,174,253.74056618541,0.2261657416820526,162.72365975379944
14.08947467803955,3.6552464962005615,0.08500000089406967,3.6561203002929688,175,255.5098811179321,0.21829304099082947,161.5634047985077
13.44334864616394,3.6503233909606934,0.09749999642372131,3.6041431427001953,176,267.790421475624,0.21085914969444275,163.9796497821808
15.559282541275024,3.6429712772369385,0.10000000149011612,3.4794607162475586,177,231.37313629019002,0.21378883719444275,146.4536008834839
14.625860452651978,3.637714147567749,0.07000000029802322,3.6485037803649902,178,246.1393646995479,0.2070002406835556,170.4639220237732
13.430400133132935,3.6340298652648926,0.07750000059604645,3.6375339031219482,179,268.0486034901345,0.20760683715343475,158.95049118995667
22.394914865493774,3.631453514099121,0.08250000327825546,3.604370355606079,180,160.75077854155646,0.21216267347335815,157.35687589645386
15.547911882400513,3.6297566890716553,0.10249999910593033,3.618618965148926,181,231.54234647258497,0.21431797742843628,162.36108779907227
11.340912580490112,3.6284258365631104,0.0925000011920929,3.6330385208129883,182,317.4347720652672,0.2136339545249939,169.75862503051758
14.0399329662323,3.627295732498169,0.07249999791383743,3.6562070846557617,183,256.4114806429935,0.2048836499452591,158.93174648284912
11.380228996276855,3.6262853145599365,0.11249999701976776,3.5378589630126953,184,316.338098396594,0.19560419023036957,167.17458176612854
14.480952501296997,3.6254258155822754,0.0925000011920929,3.595700740814209,185,248.6024313440406,0.1775873452425003,158.99750471115112
12.939789056777954,3.625906229019165,0.0949999988079071,3.5942928791046143,186,278.2116450433397,0.16986951231956482,162.3340973854065
16.0057373046875,3.625765085220337,0.10249999910593033,3.5487332344055176,187,224.9193480731244,0.17166346311569214,158.7270736694336
10.457064390182495,3.6237521171569824,0.10999999940395355,3.477675199508667,188,344.2648783323762,0.1720893681049347,170.51937675476074
15.010254383087158,3.6220357418060303,0.0925000011920929,3.613443374633789,189,239.83604195651134,0.17871016263961792,159.12244963645935
26.867810487747192,3.6204066276550293,0.1274999976158142,3.615281105041504,190,133.98933276091645,0.18320147693157196,164.13414025306702
14.043455123901367,3.619399070739746,0.09749999642372131,3.65521240234375,191,256.34717156413683,0.19068698585033417,164.78386926651
13.487133979797363,3.616318702697754,0.13249999284744263,3.4164421558380127,192,266.92105271531443,0.19724327325820923,168.3576636314392
13.652950286865234,3.6137685775756836,0.14499999582767487,3.5988636016845703,193,263.6792725645069,0.20418672263622284,146.15262985229492
11.989391803741455,3.6109137535095215,0.12250000238418579,3.6335337162017822,194,300.2654395593753,0.2074003368616104,148.76620960235596
11.315361976623535,3.6088178157806396,0.13500000536441803,3.591470956802368,195,318.1515542708451,0.21337583661079407,145.41605424880981
13.692664861679077,3.606741189956665,0.11249999701976776,3.629382848739624,196,262.9144900840395,0.21851244568824768,149.54333758354187
14.208141088485718,3.6049132347106934,0.14749999344348907,3.5258853435516357,197,253.37586230175043,0.2218809276819229,144.4413297176361
10.92688274383545,3.6023664474487305,0.14499999582767487,3.4518346786499023,198,329.46267333480716,0.22439761459827423,149.607572555542
14.41936993598938,3.59993314743042,0.13500000536441803,3.585829973220825,199,249.66416812809146,0.22043545544147491,144.01613187789917
22.496964693069458,3.5983119010925293,0.13500000536441803,3.6055660247802734,200,160.02158731702312,0.2167443186044693,145.84271669387817
14.633756637573242,3.5957770347595215,0.12250000238418579,3.566572904586792,201,246.00655109684797,0.2107042819261551,146.00988626480103
13.04744815826416,3.5937914848327637,0.12250000238418579,3.618011236190796,202,275.91602253041225,0.20849734544754028,151.53855848312378
12.971566200256348,3.5915114879608154,0.14499999582767487,3.5849545001983643,203,277.5300950111063,0.20827794075012207,144.66295719146729
13.652124404907227,3.587686061859131,0.19249999523162842,3.420492649078369,204,263.695223778212,0.21140120923519135,148.09150099754333
14.327661514282227,3.5844035148620605,0.13249999284744263,3.586696147918701,205,251.26221724399448,0.21704116463661194,139.1586446762085
13.923269271850586,3.5809388160705566,0.16249999403953552,3.5185391902923584,206,258.5599638784772,0.22042255103588104,150.00567412376404
13.008418560028076,3.578432083129883,0.15000000596046448,3.5919394493103027,207,276.74386270610825,0.2197256237268448,145.63265466690063
9.728743553161621,3.5759308338165283,0.1599999964237213,3.4945554733276367,208,370.037505904869,0.22424273192882538,149.6671760082245
13.308212280273438,3.5733423233032227,0.17000000178813934,3.504762649536133,209,270.50966156710814,0.2260366827249527,143.54397320747375
21.44366717338562,3.570482015609741,0.16249999403953552,3.487349510192871,210,167.88173267621258,0.22443632781505585,144.83339166641235
10.851097106933594,3.5670433044433594,0.1875,3.475020408630371,211,331.7636884568737,0.2258043736219406,150.36226749420166
12.49953293800354,3.5637707710266113,0.1274999976158142,3.6038761138916016,212,288.0107615105018,0.23043765127658844,150.01131081581116
13.149005889892578,3.559951066970825,0.19750000536441803,3.3704395294189453,213,273.7849560754445,0.23935572803020477,143.4052698612213
13.529397249221802,3.554988384246826,0.19249999523162842,3.2847671508789062,214,266.0872420023788,0.2532297372817993,153.46668553352356
14.34601092338562,3.5507655143737793,0.17499999701976776,3.4628686904907227,215,250.9408377858958,0.25821149349212646,145.78101134300232
14.074551343917847,3.546806573867798,0.10999999940395355,3.6966114044189453,216,255.78079983030497,0.26238012313842773,148.05977177619934
14.290310144424438,3.543187379837036,0.14000000059604645,3.4734067916870117,217,251.91895512530846,0.26669076085090637,145.46984362602234
12.32410454750061,3.5405116081237793,0.14749999344348907,3.4337308406829834,218,292.11047229635017,0.2708207070827484,152.92899537086487
13.299098253250122,3.5379300117492676,0.1899999976158142,3.4399237632751465,219,270.695044990754,0.2792999744415283,148.6624677181244
21.454567909240723,3.535836935043335,0.15000000596046448,3.5890090465545654,220,167.79643455086503,0.28568845987319946,149.16987347602844
10.724436283111572,3.5351085662841797,0.14749999344348907,3.6004879474639893,221,335.68197944997263,0.29467108845710754,143.03676009178162
13.42232871055603,3.5352799892425537,0.11500000208616257,3.597968101501465,222,268.2097926247901,0.3025954067707062,150.0651490688324
10.790401697158813,3.532118797302246,0.20000000298023224,3.338927984237671,223,333.62984076375074,0.3124685287475586,144.57883524894714
10.740260362625122,3.5299501419067383,0.1574999988079071,3.641218662261963,224,335.1874050025443,0.31849566102027893,148.78550839424133
12.699116706848145,3.5245893001556396,0.20999999344348907,3.410946846008301,225,283.48428344300976,0.3222126066684723,148.27985882759094
13.340413808822632,3.515282392501831,0.19249999523162842,3.394186496734619,226,269.8566964706263,0.325994074344635,149.3021924495697
13.520779371261597,3.505051612854004,0.20000000298023224,3.493781328201294,227,266.2568407596234,0.32480672001838684,150.14132595062256
13.958935022354126,3.4983439445495605,0.14499999582767487,3.590151309967041,228,257.89933073224324,0.3198508024215698,146.38759803771973
12.768914461135864,3.492933511734009,0.16750000417232513,3.5262134075164795,229,281.9346946803621,0.3210768699645996,146.31890058517456
19.170368194580078,3.4880990982055664,0.1875,3.504298210144043,230,187.78982038632967,0.32336124777793884,144.16534638404846
13.291492462158203,3.481555700302124,0.23999999463558197,3.2669849395751953,231,270.84994482368694,0.32343870401382446,146.77177357673645
14.208325624465942,3.4748759269714355,0.1899999976158142,3.3638644218444824,232,253.37257148731175,0.32133498787879944,143.3418323993683
11.082661867141724,3.4676642417907715,0.22750000655651093,3.3124465942382812,233,324.8317094897039,0.3172437846660614,149.14464473724365
11.840976476669312,3.461348295211792,0.20999999344348907,3.478602409362793,234,304.02897996573216,0.30837732553482056,149.07716178894043
12.7957923412323,3.456050395965576,0.2150000035762787,3.4104056358337402,235,281.34248384131735,0.30220821499824524,145.27744436264038
13.142005205154419,3.4507625102996826,0.1899999976158142,3.451493501663208,236,273.9308000416896,0.2930191159248352,141.363924741745
9.073253631591797,3.445770263671875,0.1850000023841858,3.4823126792907715,237,396.77056832901764,0.2859466075897217,133.2751395702362
10.751022815704346,3.4403417110443115,0.23749999701976776,3.317284345626831,238,334.8518612332746,0.28181666135787964,135.70795679092407
10.323292970657349,3.4353644847869873,0.22499999403953552,3.5362377166748047,239,348.7259356324134,0.2830427289009094,131.07624769210815
8.87200379371643,3.4314656257629395,0.23749999701976776,3.435814619064331,240,405.7707913233411,0.28534001111984253,133.0485861301422
16.374552726745605,3.427527666091919,0.22750000655651093,3.3158202171325684,241,219.85333340555246,0.2889666259288788,133.79088401794434
10.386685371398926,3.423438549041748,0.2150000035762787,3.4256927967071533,242,346.59757865710105,0.2910444736480713,133.74472212791443
9.829731464385986,3.4180946350097656,0.20000000298023224,3.446305513381958,243,366.2358440861918,0.29304492473602295,129.90874600410461
11.573123455047607,3.4116084575653076,0.2150000035762787,3.400980234146118,244,311.06554889724805,0.29380637407302856,133.1541097164154
9.787448167800903,3.406050682067871,0.18000000715255737,3.4723262786865234,245,367.81803982813506,0.2946452796459198,136.48121905326843
9.528098344802856,3.3969640731811523,0.23499999940395355,3.323216199874878,246,377.8298533162849,0.2990204393863678,137.53498339653015
8.85125994682312,3.381901264190674,0.22750000655651093,3.273705244064331,247,406.7217573123142,0.30423447489738464,139.4660930633545
11.713399648666382,3.366436719894409,0.23749999701976776,3.388247013092041,248,307.34032031510804,0.30937108397483826,133.18958616256714
11.742157697677612,3.351250648498535,0.23999999463558197,3.2951691150665283,249,306.5876044836304,0.31423667073249817,134.28357434272766
8.822781562805176,3.3394293785095215,0.24250000715255737,3.3610405921936035,250,408.03458346705247,0.3189989924430847,134.79567098617554
11.686065673828125,3.329454183578491,0.19750000536441803,3.3994638919830322,251,308.0591963523264,0.3252842426300049,133.41358971595764
9.547443151473999,3.3208212852478027,0.2524999976158142,3.2282028198242188,252,377.0643032783293,0.3299304246902466,134.95659565925598
10.180826663970947,3.3145530223846436,0.2750000059604645,3.1767709255218506,253,353.60586314076875,0.336086630821228,135.9053509235382
11.04384469985962,3.3094258308410645,0.20250000059604645,3.413261651992798,254,325.9734356863747,0.3350154161453247,131.21452236175537
9.682720184326172,3.3039791584014893,0.26499998569488525,3.157052516937256,255,371.7963476655529,0.33021438121795654,128.56145334243774
10.234705448150635,3.2964816093444824,0.29249998927116394,3.1740241050720215,256,351.7443680463226,0.32906574010849,137.34921383857727
10.129862308502197,3.2893340587615967,0.23000000417232513,3.395756483078003,257,355.3848897806289,0.3253616988658905,135.87373542785645
8.351162910461426,3.2838070392608643,0.32249999046325684,3.1726326942443848,258,431.077688053518,0.32204484939575195,131.36800265312195
10.562243938446045,3.2776920795440674,0.3375000059604645,3.005053758621216,259,340.8366651044839,0.3179149031639099,134.4714331626892
13.939329385757446,3.269941568374634,0.28999999165534973,3.2385971546173096,260,258.2620655824599,0.31515300273895264,131.36542916297913
11.53214430809021,3.2580764293670654,0.3050000071525574,3.1392526626586914,261,312.1709114821319,0.313875287771225,131.04118180274963
12.093340396881104,3.250455856323242,0.2199999988079071,3.501596450805664,262,297.68450087855354,0.3136429786682129,136.49382376670837
11.274979591369629,3.2398622035980225,0.2849999964237213,3.1008777618408203,263,319.29104357364866,0.3136817216873169,134.3049976825714
11.345900058746338,3.2262017726898193,0.3174999952316284,3.085761785507202,264,317.2952327589761,0.31153929233551025,139.02004194259644
10.636096715927124,3.2109103202819824,0.2549999952316284,3.2771215438842773,265,338.47003239535667,0.3112424612045288,132.87266278266907
11.744257688522339,3.1928489208221436,0.2750000059604645,3.152290105819702,266,306.53278355074576,0.31271374225616455,134.003080368042
12.482603311538696,3.173456907272339,0.3125,3.015315055847168,267,288.4013783144277,0.31951525807380676,132.32424473762512
12.15506911277771,3.156966209411621,0.29750001430511475,3.0462658405303955,268,296.1727297967883,0.32751700282096863,135.13379454612732
12.08790111541748,3.14227032661438,0.29750001430511475,3.2047863006591797,269,297.8184521553034,0.33710619807243347,138.14329552650452
10.465511322021484,3.129565715789795,0.3499999940395355,2.8464298248291016,270,343.9870149894058,0.3484119176864624,139.45344638824463
10.383154392242432,3.1182525157928467,0.3149999976158142,3.134683132171631,271,346.7154454227965,0.35881417989730835,134.1714222431183
13.472983598709106,3.109053373336792,0.3725000023841858,2.820544958114624,272,267.2013940805902,0.3647509813308716,131.35135960578918
13.006263732910156,3.0990288257598877,0.2475000023841858,3.301401138305664,273,276.78971255140766,0.36796459555625916,132.2530710697174
10.336257457733154,3.088226079940796,0.2849999964237213,3.1339831352233887,274,348.28853816006983,0.36981016397476196,128.976003408432
10.383771419525146,3.0805838108062744,0.3100000023841858,3.1018424034118652,275,346.6948428035244,0.3702102303504944,135.3406617641449
10.221511363983154,3.0731430053710938,0.3449999988079071,3.0684924125671387,276,352.1984050895913,0.3692551851272583,129.72563409805298
12.26774287223816,3.0637872219085693,0.33000001311302185,2.887759208679199,277,293.4525150626349,0.3670353591442108,131.1565113067627
9.643658638000488,3.0575056076049805,0.26499998569488525,3.3262414932250977,278,373.3023051867815,0.3656415045261383,135.47606825828552
9.533224821090698,3.050846576690674,0.2475000023841858,3.192138671875,279,377.6266759214143,0.3643379807472229,135.81805777549744
15.494745969772339,3.044057607650757,0.3100000023841858,3.139402389526367,280,232.33681965635307,0.3625440299510956,132.99884939193726
12.621074914932251,3.029998779296875,0.4074999988079071,2.7721590995788574,281,285.2371944754695,0.3616664409637451,134.2657928466797
11.064796924591064,3.0053982734680176,0.44999998807907104,2.5373685359954834,282,325.35617458998684,0.35944658517837524,132.18359327316284
11.332462310791016,2.9827001094818115,0.29249998927116394,2.9648733139038086,283,317.6714734424488,0.3595111072063446,133.51107716560364
12.560630321502686,2.9639720916748047,0.29249998927116394,3.015598773956299,284,286.60982035568065,0.35816890001296997,134.14502573013306
12.194926500320435,2.9470179080963135,0.32749998569488525,2.987696647644043,285,295.20473123847086,0.35943368077278137,136.38599967956543
9.022959232330322,2.9298267364501953,0.35499998927116394,2.8184313774108887,286,398.9821861436298,0.36269891262054443,137.85204076766968
8.956995964050293,2.914930820465088,0.3125,2.8980722427368164,287,401.92046691200073,0.36517688632011414,137.14805626869202
11.55227255821228,2.9027936458587646,0.36000001430511475,2.87863826751709,288,311.62699649436786,0.36751288175582886,132.92856001853943
10.802394390106201,2.8915915489196777,0.32749998569488525,2.9487578868865967,289,333.25944878454004,0.3711523711681366,133.1641399860382
18.381582498550415,2.8812530040740967,0.39250001311302185,2.7640857696533203,290,195.84820840555477,0.3762373626232147,135.70382237434387
12.100591897964478,2.872657060623169,0.42750000953674316,2.705251455307007,291,297.5061079950627,0.3799414038658142,132.89501214027405
12.27185606956482,2.863638401031494,0.39500001072883606,2.840045213699341,292,293.3541576427291,0.38298723101615906,132.9499318599701
10.395897626876831,2.8526179790496826,0.28999999165534973,3.024749994277954,293,346.2904435200295,0.38484570384025574,139.35877633094788
11.637945652008057,2.8388683795928955,0.3474999964237213,2.7001383304595947,294,309.33294480360814,0.3854910135269165,132.87815356254578
11.229737043380737,2.824530839920044,0.33250001072883606,2.9410343170166016,295,320.5774085442175,0.38672998547554016,133.20523262023926
12.687986135482788,2.8103227615356445,0.3149999976158142,3.0153048038482666,296,283.7329708244528,0.38640734553337097,133.88502502441406
9.066656112670898,2.7962896823883057,0.4449999928474426,2.5484824180603027,297,397.05928572375234,0.3860846757888794,138.76243042945862
11.206049680709839,2.7838311195373535,0.4050000011920929,2.686552047729492,298,321.25504549538647,0.38538774847984314,134.25053644180298
11.123963594436646,2.7691707611083984,0.4074999988079071,2.7729859352111816,299,323.62565460034807,0.3856717050075531,136.00859022140503
11.043673276901245,2.755136489868164,0.3474999964237213,2.94968318939209,300,325.978495536417,0.38844650983810425,134.75169563293457
18.812695026397705,2.7377564907073975,0.4399999976158142,2.6325676441192627,301,191.36014244362815,0.39353147149086,132.53377294540405
11.371274471282959,2.7220706939697266,0.36250001192092896,2.8121836185455322,302,316.5872048108106,0.3991585373878479,129.2276062965393
11.547362089157104,2.708812952041626,0.47749999165534973,2.505781650543213,303,311.7595146150631,0.402139812707901,136.71617436408997
10.273193836212158,2.6971850395202637,0.3075000047683716,2.9610910415649414,304,350.42656231310445,0.4076378047466278,133.03194308280945
11.2977614402771,2.687500476837158,0.32249999046325684,2.979959726333618,305,318.64719564406937,0.41285184025764465,134.3377389907837
9.582618713378906,2.678413152694702,0.38999998569488525,2.739133358001709,306,375.6801880235316,0.4166978597640991,125.25184965133667
10.503710508346558,2.666330337524414,0.4350000023841858,2.5504424571990967,307,342.73602620134415,0.4201308786869049,135.51177668571472
11.579905986785889,2.6531238555908203,0.42750000953674316,2.560616970062256,308,310.88335294846496,0.42264753580093384,132.66619205474854
11.007254600524902,2.6396186351776123,0.4650000035762787,2.520352363586426,309,327.0570301724761,0.42201516032218933,131.52984642982483
9.98482370376587,2.6300549507141113,0.32749998569488525,2.848223924636841,310,360.54717707656937,0.4198598265647888,141.00212216377258
11.724251508712769,2.619410276412964,0.3774999976158142,2.626572608947754,311,307.05584892346377,0.41916289925575256,130.5280077457428
12.453384160995483,2.607271194458008,0.4025000035762787,2.6624600887298584,312,289.07804926433965,0.4189564287662506,127.65797638893127
12.705597877502441,2.5940797328948975,0.42250001430511475,2.568920850753784,313,283.33967710204735,0.418775737285614,131.89977526664734
7.973075866699219,2.581143379211426,0.46000000834465027,2.441157579421997,314,451.5195967262717,0.4188660681247711,135.24870491027832
10.570157051086426,2.570249080657959,0.42250001430511475,2.6163887977600098,315,340.581505326828,0.42028573155403137,129.22856163978577
11.642261266708374,2.5595755577087402,0.4399999976158142,2.5091795921325684,316,309.2182796390577,0.42056968808174133,133.54555797576904
9.818479299545288,2.5495541095733643,0.38749998807907104,2.6884407997131348,317,366.65555735975556,0.4234735369682312,131.7389314174652
10.330278635025024,2.53987193107605,0.3700000047683716,2.7792367935180664,318,348.4901160162443,0.4291263818740845,134.5605981349945
11.681323766708374,2.5332095623016357,0.45750001072883606,2.5281524658203125,319,308.18424965327597,0.43342411518096924,131.0303475856781
16.179773330688477,2.523571014404297,0.36500000953674316,2.7300426959991455,320,222.500026818782,0.4386252462863922,136.89869022369385
11.570242643356323,2.513566255569458,0.39250001311302185,2.7385799884796143,321,311.142999413857,0.44369733333587646,132.98273348808289
11.985625505447388,2.504286050796509,0.30250000953674316,2.8615000247955322,322,300.35979335111244,0.4490146338939667,132.27626180648804
11.789658546447754,2.4960694313049316,0.38999998569488525,2.6827101707458496,323,305.35235484701013,0.4532994329929352,134.25273966789246
12.430904388427734,2.484945774078369,0.45249998569488525,2.489413022994995,324,289.6008116152303,0.4550159275531769,135.6964144706726
11.136244773864746,2.4721224308013916,0.4424999952316284,2.434044361114502,325,323.2687564886065,0.4543835520744324,134.4084815979004
11.775288343429565,2.4566032886505127,0.44999998807907104,2.4898841381073,326,305.72499755462434,0.45289933681488037,132.0010702610016
11.651082038879395,2.440916061401367,0.4699999988079071,2.434171676635742,327,308.98417743406856,0.44834351539611816,136.47884559631348
11.46696400642395,2.4265336990356445,0.45500001311302185,2.355543851852417,328,313.94534752034025,0.4438263773918152,131.51544332504272
10.91397476196289,2.4111649990081787,0.42250001430511475,2.504783868789673,329,329.8523295606866,0.4421098828315735,137.8816990852356
18.65187692642212,2.401848077774048,0.4124999940395355,2.5971219539642334,330,193.01006618268346,0.4402901232242584,132.4877688884735
10.086384773254395,2.393927574157715,0.5,2.3863942623138428,331,356.91678246758494,0.43960610032081604,136.82642555236816
11.469750881195068,2.3847954273223877,0.4399999976158142,2.460209846496582,332,313.86906631967804,0.44076764583587646,134.8802559375763
11.488433599472046,2.371995687484741,0.4375,2.4900307655334473,333,313.35864622705736,0.4446265697479248,137.94170427322388
10.8645601272583,2.356717348098755,0.4350000023841858,2.5295979976654053,334,331.35257735542297,0.4508989155292511,133.75849795341492
10.57573413848877,2.3405556678771973,0.44999998807907104,2.407977342605591,335,340.4019005071572,0.45835861563682556,132.92985939979553
9.498648166656494,2.3284709453582764,0.4074999988079071,2.458146333694458,336,379.0012996414829,0.46558600664138794,133.8076479434967
9.508187532424927,2.317566394805908,0.47999998927116394,2.2277185916900635,337,378.62105556114034,0.47334253787994385,134.63355708122253
9.942304849624634,2.3124420642852783,0.46000000834465027,2.375988245010376,338,362.08907838265657,0.47686588764190674,130.36628222465515
10.637404918670654,2.3087759017944336,0.48750001192092896,2.371072292327881,339,338.42840688346087,0.4779112935066223,130.22115421295166
10.184816837310791,2.304255962371826,0.47749999165534973,2.434258460998535,340,353.46732862311814,0.4783242642879486,138.18029284477234
15.381702661514282,2.2952117919921875,0.5325000286102295,2.1824591159820557,341,234.04431090761906,0.47865983843803406,133.791894197464
10.622365713119507,2.2869396209716797,0.4650000035762787,2.4068472385406494,342,338.9075557390855,0.47762733697891235,131.88993740081787
11.178916215896606,2.279474973678589,0.5074999928474426,2.30867075920105,343,322.0347957238233,0.4765174388885498,135.09275937080383
8.851579904556274,2.274137496948242,0.47999998927116394,2.4474196434020996,344,406.70705555591616,0.4751106798648834,132.30740308761597
10.64463210105896,2.267282485961914,0.5425000190734863,2.118016242980957,345,338.19863061700937,0.47384586930274963,128.0910506248474
11.647692441940308,2.2655649185180664,0.44749999046325684,2.384713649749756,346,309.0740949715789,0.47122594714164734,135.2301058769226
9.126982688903809,2.2634389400482178,0.5400000214576721,2.127906084060669,347,394.4348447572629,0.4689028561115265,136.42786860466003
10.414177417755127,2.253199338912964,0.4975000023841858,2.1465606689453125,348,345.68260704511925,0.46978047490119934,132.7541093826294
11.054591178894043,2.241821765899658,0.5375000238418579,2.1342010498046875,349,325.6565477403898,0.4704774022102356,130.30983352661133
16.33051896095276,2.231254816055298,0.4975000023841858,2.342175245285034,350,220.4461480132881,0.47139373421669006,135.79345798492432
11.746294975280762,2.2207913398742676,0.5149999856948853,2.24210786819458,351,306.47961826056155,0.4729553461074829,134.03443479537964
11.18854308128357,2.2103960514068604,0.5475000143051147,2.0756092071533203,352,321.75770999373066,0.47402656078338623,133.91721034049988
8.759037971496582,2.191866636276245,0.4675000011920929,2.1568188667297363,353,411.0040408221793,0.47825974225997925,130.6737232208252
9.794607639312744,2.17993426322937,0.4124999940395355,2.5666370391845703,354,367.5491793617779,0.48267361521720886,121.2426540851593
9.52651858329773,2.174077272415161,0.5174999833106995,2.144423007965088,355,377.89250800514503,0.4865841567516327,125.7326250076294
9.803648233413696,2.17173171043396,0.4449999928474426,2.3037056922912598,356,367.2102378918645,0.4905979335308075,120.09799790382385
9.621392726898193,2.1678709983825684,0.3824999928474426,2.5063316822052,357,374.16620464266106,0.4931662380695343,124.02112030982971
10.85100269317627,2.158339500427246,0.47999998927116394,2.2428672313690186,358,331.76657510774425,0.49526992440223694,120.14450216293335
8.980338335037231,2.1428606510162354,0.4950000047683716,2.1820485591888428,359,400.8757649981207,0.4984061121940613,122.63822603225708
9.363708019256592,2.126598834991455,0.48500001430511475,2.1654775142669678,360,384.4630772976423,0.5011163949966431,125.82782530784607
8.791343212127686,2.110482931137085,0.41749998927116394,2.430011034011841,361,409.49373868532274,0.504639744758606,122.7357349395752
10.394871234893799,2.1000730991363525,0.45750001072883606,2.253772020339966,362,346.32463631828523,0.5052850246429443,122.04049444198608
10.261755466461182,2.0933871269226074,0.550000011920929,1.9688923358917236,363,350.8171688329539,0.5047558546066284,123.87412929534912
8.60436725616455,2.0834739208221436,0.46000000834465027,2.2873027324676514,364,418.39218304179195,0.5064078569412231,122.38948845863342
9.510127782821655,2.074070930480957,0.5024999976158142,2.168776273727417,365,378.5438095272238,0.5094020366668701,120.18722653388977
8.601432800292969,2.065065383911133,0.5475000143051147,2.0098886489868164,366,418.53492128397284,0.5108475685119629,122.90108442306519
10.434139013290405,2.0543665885925293,0.49000000953674316,2.120511531829834,367,345.021280185603,0.5122542977333069,122.08960461616516
8.13454818725586,2.051389455795288,0.5600000023841858,2.0417072772979736,368,442.55684730468585,0.5105636119842529,123.7793116569519
9.730185270309448,2.0447375774383545,0.44999998807907104,2.2144997119903564,369,369.9826776150902,0.5119574666023254,120.00746870040894
8.453257322311401,2.0436933040618896,0.5074999928474426,2.1683859825134277,370,425.87133725341755,0.5116735100746155,129.3965117931366
8.980776309967041,2.043999195098877,0.512499988079071,2.1454217433929443,371,400.856215069587,0.511415421962738,120.67008304595947
8.990296363830566,2.0422630310058594,0.5575000047683716,1.9992871284484863,372,400.43173821092137,0.5103829503059387,121.79051184654236
9.749001502990723,2.040015935897827,0.5450000166893005,2.069214105606079,373,369.26858600807685,0.5088858008384705,122.04221630096436
10.09281325340271,2.0345423221588135,0.5024999976158142,2.1867330074310303,374,356.68944917674855,0.5092343091964722,121.98928332328796
9.297354459762573,2.0279905796051025,0.574999988079071,1.8528250455856323,375,387.2069216657502,0.5099183320999146,125.94749593734741
10.528387546539307,2.0167596340179443,0.4675000011920929,2.332648515701294,376,341.932701858351,0.5122155547142029,123.33538055419922
9.124324083328247,2.0061147212982178,0.4975000023841858,2.254570722579956,377,394.5497734542152,0.514512836933136,123.36655569076538
8.267469882965088,1.9982980489730835,0.5450000166893005,2.044329881668091,378,435.4415620452043,0.5152872204780579,122.68647861480713
8.338054180145264,1.9852721691131592,0.5,2.1670796871185303,379,431.7554098619783,0.5172102451324463,124.04085350036621
14.447712182998657,1.9732553958892822,0.5350000262260437,2.086820125579834,380,249.1743989914403,0.5187331438064575,122.11668610572815
9.376878261566162,1.962456226348877,0.4424999952316284,2.364637851715088,381,383.9230818166466,0.5227211117744446,121.95289039611816
9.080641269683838,1.9522205591201782,0.5174999833106995,2.0356647968292236,382,396.44777203332274,0.5275737643241882,123.44920516014099
10.604518413543701,1.9444928169250488,0.47749999165534973,2.1797242164611816,383,339.47793380246407,0.5320650935173035,120.18871974945068
9.046929836273193,1.9363529682159424,0.5249999761581421,2.005743980407715,384,397.92504917701336,0.5353819727897644,125.44223237037659
9.934261322021484,1.9298728704452515,0.4625000059604645,2.234631061553955,385,362.38225302366516,0.5400797724723816,119.89741396903992
8.299799919128418,1.9218090772628784,0.49000000953674316,2.20207142829895,386,433.7453956815437,0.5474491119384766,123.55032801628113
10.35691785812378,1.9111942052841187,0.4975000023841858,2.1297359466552734,387,347.5937580383748,0.5535278916358948,115.502925157547
9.653024435043335,1.900234341621399,0.5699999928474426,1.9042248725891113,388,372.9401105554996,0.5571544766426086,123.80172085762024
7.3063743114471436,1.890088438987732,0.5450000166893005,1.9989829063415527,389,492.72044471630176,0.5567672848701477,122.5370717048645
15.71878719329834,1.883269190788269,0.5849999785423279,1.7957736253738403,390,229.02530301668884,0.5528954863548279,120.63455581665039
9.86607575416565,1.8884295225143433,0.5049999952316284,2.0672898292541504,391,364.8867178503074,0.5467780232429504,122.62244200706482
9.952486753463745,1.894593596458435,0.5249999761581421,2.0176467895507812,392,361.718642704759,0.5409832000732422,120.73895025253296
9.337953567504883,1.903668999671936,0.5049999952316284,2.062589645385742,393,385.52344193781704,0.535007655620575,123.49961423873901
10.596819877624512,1.9036626815795898,0.5450000166893005,1.8804163932800293,394,339.7245628003457,0.5324780941009521,120.26784181594849
9.687589645385742,1.8947868347167969,0.5699999928474426,1.9834481477737427,395,371.60946445689945,0.5332008600234985,125.63692665100098
10.067822217941284,1.8759570121765137,0.5199999809265137,1.909550428390503,396,357.5748480723714,0.5378986597061157,120.52586245536804
9.541783094406128,1.8539270162582397,0.6100000143051147,1.7195982933044434,397,377.287972738607,0.5441581010818481,121.80296325683594
9.46957778930664,1.8293037414550781,0.5450000166893005,1.8139675855636597,398,380.16478454459065,0.5525986552238464,121.79766488075256
9.883805751800537,1.8087338209152222,0.5325000286102295,1.9480464458465576,399,364.23216829652756,0.5609875917434692,124.4191505908966
10.58706521987915,1.7933837175369263,0.5600000023841858,1.8976024389266968,400,340.0375765363513,0.5669243335723877,122.32097697257996
10.364806652069092,1.7810251712799072,0.5874999761581421,1.8209335803985596,401,347.32919974743027,0.5717641115188599,119.88201332092285
10.334997653961182,1.7724372148513794,0.5174999833106995,2.0355887413024902,402,348.33099343957736,0.5753390789031982,122.11117696762085
10.632874965667725,1.7655340433120728,0.5575000047683716,1.9595892429351807,403,338.57258846962526,0.5767716765403748,121.78320074081421
8.511115312576294,1.7572901248931885,0.5874999761581421,1.6726974248886108,404,422.9762925054635,0.5774427652359009,121.36792826652527
10.532059669494629,1.7501834630966187,0.5649999976158142,1.8177497386932373,405,341.8134831145277,0.5761908888816833,119.55304408073425
10.665223598480225,1.7444828748703003,0.5274999737739563,1.9114291667938232,406,337.5456657573493,0.5753520131111145,123.85560202598572
10.281898260116577,1.7391809225082397,0.5950000286102295,1.7392491102218628,407,350.12989906390914,0.573816180229187,120.27853584289551
10.555848360061646,1.7333588600158691,0.4925000071525574,2.0318422317504883,408,341.04317125478076,0.5733386874198914,120.59837818145752
7.978031635284424,1.7276837825775146,0.5274999737739563,1.8446540832519531,409,451.2391232040605,0.5731192827224731,119.6755702495575
15.287606000900269,1.7222247123718262,0.5325000286102295,1.908374309539795,410,235.4848757737477,0.5731709003448486,122.47605681419373
9.193484544754028,1.720555067062378,0.5699999928474426,1.8540759086608887,411,391.5816666112988,0.5714027881622314,120.38973951339722
11.166163682937622,1.7188444137573242,0.5299999713897705,1.9256668090820312,412,322.40258178383635,0.5716092586517334,121.48486018180847
9.729048252105713,1.7182245254516602,0.5924999713897705,1.8418188095092773,413,370.02591689488554,0.5712994933128357,121.83964991569519
9.924886703491211,1.717530369758606,0.5649999976158142,1.8442496061325073,414,362.7245436195914,0.5708478093147278,121.79918169975281
8.92490291595459,1.710310697555542,0.5600000023841858,1.7982021570205688,415,403.3657322551336,0.5734677314758301,123.64892196655273
8.4438796043396,1.6995121240615845,0.5874999761581421,1.8328884840011597,416,426.3443072009028,0.578230082988739,121.06405687332153
10.080297946929932,1.687430739402771,0.5475000143051147,1.7749202251434326,417,357.132300945174,0.5850444436073303,123.04954957962036
9.76343035697937,1.678812861442566,0.512499988079071,2.0247297286987305,418,368.72286362206154,0.5905295610427856,120.76060605049133
9.896371364593506,1.6698750257492065,0.5849999785423279,1.7079720497131348,419,363.7696957169382,0.5945820212364197,122.69751787185669
12.521783113479614,1.6643470525741577,0.5774999856948853,1.8123478889465332,420,287.4989901497834,0.5988797545433044,122.96528363227844
10.079212427139282,1.6600812673568726,0.6150000095367432,1.6518608331680298,421,357.17076369048857,0.6005188226699829,121.91226077079773
7.75809383392334,1.6522406339645386,0.5799999833106995,1.7346075773239136,422,464.0315104540888,0.601615846157074,122.88458704948425
10.50451946258545,1.6432260274887085,0.550000011920929,1.8902900218963623,423,342.709632060974,0.6021320819854736,123.5216760635376
9.518506050109863,1.6341559886932373,0.5224999785423279,1.9116835594177246,424,378.21061215362135,0.603061318397522,123.57811141014099
10.743426084518433,1.627530574798584,0.6150000095367432,1.710927128791809,425,335.08863668617755,0.6028806567192078,122.85281133651733
8.747499227523804,1.6214592456817627,0.550000011920929,1.9210413694381714,426,411.5461923874978,0.6038743853569031,121.9078938961029
9.60540246963501,1.6166640520095825,0.5299999713897705,2.0042202472686768,427,374.78908472398393,0.6035517454147339,123.70205688476562
10.031963586807251,1.612949252128601,0.5699999928474426,1.6914981603622437,428,358.8529771713144,0.601228654384613,122.22046661376953
8.89710783958435,1.6109319925308228,0.5174999833106995,1.9462796449661255,429,404.6258699914985,0.599783182144165,123.49240922927856
16.075932025909424,1.6115964651107788,0.6324999928474426,1.542913556098938,430,223.93724943585946,0.5970083475112915,121.32697415351868
9.552445888519287,1.6122127771377563,0.5874999761581421,1.77840256690979,431,376.8668299211933,0.5952789783477783,123.74817776679993
10.84058165550232,1.6107687950134277,0.5325000286102295,1.7965712547302246,432,332.0855019041123,0.595653235912323,118.31157445907593
7.384801864624023,1.6076267957687378,0.6424999833106995,1.5968748331069946,433,487.4876897165452,0.5963372588157654,122.07574892044067
10.993401765823364,1.5973436832427979,0.5425000190734863,1.8181589841842651,434,327.46915619801996,0.5994217991828918,122.11044096946716
9.490819454193115,1.588098406791687,0.4749999940395355,2.1696224212646484,435,379.3139272509807,0.604545533657074,122.96114110946655
10.105881214141846,1.577932596206665,0.6000000238418579,1.6411134004592896,436,356.2282124355742,0.6093594431877136,121.02882289886475
11.199093341827393,1.5662623643875122,0.5149999856948853,1.9094065427780151,437,321.4545936995089,0.6158254146575928,120.65083980560303
9.055761337280273,1.556284785270691,0.5899999737739563,1.6514368057250977,438,397.536978495636,0.6200069785118103,122.21177244186401
10.06385350227356,1.5502315759658813,0.6025000214576721,1.675870656967163,439,357.71585895866946,0.6210394501686096,124.33471059799194
8.274824142456055,1.54667067527771,0.5350000262260437,1.7734899520874023,440,435.05456285521524,0.6209362149238586,131.50475120544434
10.550122499465942,1.542291283607483,0.5575000047683716,1.7476812601089478,441,341.2282653762775,0.6194778084754944,124.34594988822937
9.815998792648315,1.5381330251693726,0.5625,1.7490702867507935,442,366.7482113685892,0.6173096299171448,124.63485884666443
10.194591045379639,1.5357952117919922,0.5525000095367432,1.8181777000427246,443,353.12843683235155,0.615799605846405,117.39660215377808
9.317565202713013,1.5330854654312134,0.6225000023841858,1.4042243957519531,444,386.36703062209654,0.6135410070419312,123.30353140830994
7.6613240242004395,1.5302956104278564,0.6025000214576721,1.6625534296035767,445,469.89266980855933,0.6116567254066467,118.45601987838745
10.371928215026855,1.5261420011520386,0.6050000190734863,1.578590750694275,446,347.0907169203425,0.611463189125061,122.56601452827454
7.500089883804321,1.5187108516693115,0.6025000214576721,1.5851318836212158,447,479.9942475054643,0.6133603453636169,122.20943689346313
8.78018832206726,1.5085103511810303,0.5899999737739563,1.5907303094863892,448,410.0139846604559,0.616186797618866,123.61023664474487
10.47571873664856,1.49937903881073,0.6075000166893005,1.6574536561965942,449,343.6518381698867,0.6192713379859924,123.16201043128967
15.623283386230469,1.48911452293396,0.5699999928474426,1.7250900268554688,450,230.42531528121984,0.6223042607307434,123.80131006240845
8.799816846847534,1.4811205863952637,0.6025000214576721,1.6942148208618164,451,409.0994236192168,0.6246660351753235,126.96179509162903
9.753159523010254,1.4729537963867188,0.5425000190734863,1.8145180940628052,452,369.1111574158772,0.6283313632011414,120.29849004745483
8.283756017684937,1.4645905494689941,0.550000011920929,1.6939812898635864,453,434.58546972102795,0.6323451399803162,124.29416537284851
9.227361679077148,1.4609829187393188,0.5550000071525574,1.8370447158813477,454,390.1440222250012,0.6348876357078552,121.64771008491516
9.196406602859497,1.4573055505752563,0.5525000095367432,1.7567811012268066,455,391.45724579866106,0.6360234022140503,121.77429389953613
9.357194423675537,1.4572535753250122,0.5674999952316284,1.6672232151031494,456,384.7307042045951,0.6350683569908142,121.78346538543701
10.308433055877686,1.4556846618652344,0.5799999833106995,1.6961262226104736,457,349.22863450593434,0.6343455910682678,119.69921040534973
9.179996728897095,1.4549399614334106,0.6075000166893005,1.639564037322998,458,392.15700248212534,0.6324871182441711,124.8415801525116
9.24556565284729,1.4547908306121826,0.6349999904632568,1.5030595064163208,459,389.3758516431425,0.6302543878555298,119.36757922172546
13.419517040252686,1.4561753273010254,0.5350000262260437,1.9693496227264404,460,268.26598820222614,0.6284087896347046,125.17034339904785
8.155458688735962,1.4551842212677002,0.5625,1.7245794534683228,461,441.42213668155733,0.6270794868469238,117.85334324836731
7.58640456199646,1.4515355825424194,0.6449999809265137,1.4293745756149292,462,474.53309015893205,0.6270278692245483,125.0464289188385
7.635952949523926,1.4486197233200073,0.5674999952316284,1.7069408893585205,463,471.4539264185025,0.6272859573364258,119.82670187950134
9.30930233001709,1.443981647491455,0.6200000047683716,1.5357927083969116,464,386.70996734009725,0.6287185549736023,122.27183318138123
7.740095615386963,1.44023859500885,0.6225000023841858,1.492318868637085,465,465.11053336904024,0.6297768354415894,121.8384702205658
9.889545679092407,1.4372844696044922,0.6175000071525574,1.6348772048950195,466,364.0207666577443,0.6309254765510559,124.44722151756287
9.179290294647217,1.4293341636657715,0.6424999833106995,1.3949722051620483,467,392.187182717088,0.6348231434822083,120.82445240020752
9.068398475646973,1.4214911460876465,0.5475000143051147,1.781195878982544,468,396.98299646489266,0.638978898525238,122.58425855636597
8.775062561035156,1.414538025856018,0.5924999713897705,1.5737642049789429,469,410.2534853694904,0.6429410576820374,124.14608502388
15.71295428276062,1.4103976488113403,0.5450000166893005,1.8375517129898071,470,229.11032102662702,0.6461804509162903,119.56692743301392
10.31322717666626,1.4066649675369263,0.6424999833106995,1.4666351079940796,471,349.06629499493835,0.6476130485534668,126.89166235923767
9.874370813369751,1.4031232595443726,0.5400000214576721,1.7241653203964233,472,364.5801912893177,0.6475613713264465,119.14261603355408
10.335048198699951,1.3983057737350464,0.6424999833106995,1.4536935091018677,473,348.3292898868962,0.6482195854187012,122.79760003089905
9.456430673599243,1.3901177644729614,0.6100000143051147,1.5074642896652222,474,380.693321217972,0.6492133736610413,122.36433172225952
10.583643913269043,1.3835378885269165,0.6175000071525574,1.5837010145187378,475,340.1474983003319,0.6480518579483032,121.2975971698761
8.678237915039062,1.3744255304336548,0.5674999952316284,1.6270502805709839,476,414.8307565711392,0.6480905413627625,123.80014276504517
10.320966005325317,1.369422197341919,0.6349999904632568,1.4322078227996826,477,348.80455939322974,0.6473290920257568,124.71042275428772
8.163313627243042,1.3679189682006836,0.5199999809265137,1.808868408203125,478,440.9973895877147,0.6457287669181824,121.52437376976013
9.574846506118774,1.3640406131744385,0.5525000095367432,1.6946325302124023,479,375.98513957371864,0.6463224291801453,124.91371178627014
10.448449611663818,1.3619364500045776,0.6175000071525574,1.4900661706924438,480,344.54872577279275,0.6467612385749817,123.21630477905273
10.057485342025757,1.3573075532913208,0.5799999833106995,1.4470940828323364,481,357.94235612327486,0.6483099460601807,118.12378358840942
8.557297945022583,1.351906418800354,0.6524999737739563,1.4560438394546509,482,420.69354405194775,0.6491875648498535,122.0197913646698
9.823744773864746,1.3484866619110107,0.6025000214576721,1.622063159942627,483,366.45903195464723,0.6510072946548462,119.96571397781372
9.86759638786316,1.3459227085113525,0.625,1.5998852252960205,484,364.8304874354092,0.6516138911247253,121.68439149856567
9.571418523788452,1.3458422422409058,0.5774999856948853,1.7185864448547363,485,376.1197978181282,0.6518720388412476,118.39838004112244
9.30355978012085,1.3477835655212402,0.6499999761581421,1.4831565618515015,486,386.9486610589863,0.6502845883369446,126.68116450309753
8.983296394348145,1.3463860750198364,0.5849999785423279,1.5824006795883179,487,400.7437628647037,0.6501942276954651,120.53135967254639
9.14945912361145,1.3413273096084595,0.5975000262260437,1.6520310640335083,488,393.46588157432166,0.6524657011032104,124.92868089675903
7.821108102798462,1.3327728509902954,0.6499999761581421,1.3975286483764648,489,460.29283225376827,0.6557438373565674,119.37256336212158
13.123507976531982,1.3265790939331055,0.6974999904632568,1.3247065544128418,490,274.31689807616027,0.6574861407279968,120.3869297504425
8.778950452804565,1.3242826461791992,0.6150000095367432,1.5410652160644531,491,410.0717983719713,0.6591123342514038,123.48593044281006
9.504250764846802,1.3231443166732788,0.6575000286102295,1.4011268615722656,492,378.7778846613827,0.6597318053245544,122.55463409423828
9.241906881332397,1.321293592453003,0.6150000095367432,1.5294575691223145,493,389.53000135411355,0.6614741086959839,125.97821831703186
8.68446946144104,1.3178268671035767,0.5950000286102295,1.6260325908660889,494,414.5330945066898,0.6625324487686157,119.83895540237427
8.870397090911865,1.3106939792633057,0.6025000214576721,1.6073200702667236,495,405.8442889426413,0.6648297309875488,119.65840864181519
9.925100564956665,1.3015087842941284,0.6549999713897705,1.2838318347930908,496,362.71672779929344,0.6661719083786011,119.23505902290344
8.439363479614258,1.2922767400741577,0.6575000286102295,1.47014582157135,497,426.5724552208228,0.6663268208503723,124.85648083686829
9.571376323699951,1.2814712524414062,0.6800000071525574,1.1835123300552368,498,376.12145612600557,0.6673722267150879,123.18695902824402
10.039058685302734,1.272292137145996,0.6000000238418579,1.5285001993179321,499,358.5993580524069,0.6687144041061401,121.88978052139282
12.45529842376709,1.2655870914459229,0.5899999737739563,1.5666099786758423,500,289.0336206742756,0.6700824499130249,121.5861747264862
9.232374906539917,1.2646182775497437,0.5299999713897705,1.92930006980896,501,389.9321719972481,0.6703534722328186,116.36307168006897
8.872440099716187,1.2671018838882446,0.6725000143051147,1.3815999031066895,502,405.7508373728167,0.6700695753097534,121.33008193969727
10.457300186157227,1.2712767124176025,0.6600000262260437,1.4097942113876343,503,344.2571156908619,0.6694371700286865,119.71149206161499
6.914007902145386,1.2740061283111572,0.6025000214576721,1.596245527267456,504,520.6820777400234,0.6681336760520935,123.47458529472351
10.021561861038208,1.2802842855453491,0.7099999785423279,1.1801873445510864,505,359.2254430914673,0.6653072237968445,121.55006384849548
9.858546733856201,1.2882599830627441,0.6775000095367432,1.2260963916778564,506,365.165383619564,0.6600286364555359,122.53386163711548
8.810594081878662,1.2880641222000122,0.5899999737739563,1.5661777257919312,507,408.59900780179635,0.6582992672920227,123.94887518882751
9.35712194442749,1.283315896987915,0.6474999785423279,1.3655121326446533,508,384.73368428675144,0.658195972442627,122.54861688613892
9.79942774772644,1.279225468635559,0.625,1.5433533191680908,509,367.3683905506864,0.6588155031204224,121.39947319030762
14.11365795135498,1.2731938362121582,0.6349999904632568,1.3958123922348022,510,255.07207361890062,0.6599125266075134,120.8542115688324
10.29084825515747,1.259676456451416,0.6175000071525574,1.4999504089355469,511,349.82538958300023,0.6647135615348816,124.27092266082764
8.965081453323364,1.245835304260254,0.6499999761581421,1.3779819011688232,512,401.5579801191295,0.6698501706123352,119.79879021644592
