"train_step_time_in_seconds","train_steps_per_hour","validation/validation_time_in_seconds","sparse_categorical_accuracy","loss","round_num","validation/sparse_categorical_accuracy","validation/loss"
"","",219.24071431159973,"","",0.0,0.004400965292006731,4.137059688568115
105.28300952911377,34.19355142013201,202.92452692985535,0.009999999776482582,4.153524398803711,1,0.004400965292006731,4.1176042556762695
17.164108753204346,209.73999010160784,210.58103966712952,0.014999999664723873,4.116392612457275,2,0.004788147285580635,4.086750507354736
18.249130249023438,197.26967536946842,220.29433226585388,0.019999999552965164,4.100306510925293,3,0.04830737039446831,4.0525689125061035
16.12133479118347,223.30657148617672,215.49574255943298,0.03500000014901161,4.0634050369262695,4,0.05094020441174507,4.0179290771484375
20.026511669158936,179.7617108497254,214.93606162071228,0.054999999701976776,4.017613410949707,5,0.05094020441174507,3.9817113876342773
19.592792510986328,183.74103630104594,210.40472173690796,0.07000000029802322,3.930741310119629,6,0.05094020441174507,3.9431214332580566
19.300973653793335,186.51908782293324,215.5944209098816,0.03999999910593033,4.010011672973633,7,0.05090148746967316,3.907702684402466
17.92131996154785,200.87806075245533,215.79835081100464,0.05999999865889549,4.022852897644043,8,0.05585741251707077,3.8773324489593506
20.72510313987732,173.70239249006266,218.7294569015503,0.03999999910593033,3.9304680824279785,9,0.05565091595053673,3.8517074584960938
15.819900751113892,227.56147820627262,215.64890003204346,0.04500000178813934,3.8915929794311523,10,0.05565091595053673,3.8316352367401123
15.977087020874023,225.3226758605376,212.9971468448639,0.09000000357627869,3.722226142883301,11,0.0610327422618866,3.8136422634124756
17.682987928390503,203.58550345556165,220.86520433425903,0.06499999761581421,3.747476816177368,12,0.051262859255075455,3.8004276752471924
17.635719060897827,204.13117194534885,207.87810683250427,0.03999999910593033,3.943941116333008,13,0.0512886680662632,3.791515588760376
20.679891347885132,174.08215253356062,216.20542097091675,0.06499999761581421,3.8281679153442383,14,0.0512886680662632,3.786285400390625
17.905477046966553,201.05579932649113,215.84850096702576,0.03999999910593033,3.8305227756500244,15,0.0512886680662632,3.7857704162597656
16.405393362045288,219.44002929724215,223.25843715667725,0.04500000178813934,3.9144604206085205,16,0.0512886680662632,3.7934255599975586
17.850990056991577,201.6694865946672,206.45158672332764,0.07500000298023224,3.8279731273651123,17,0.0512886680662632,3.8044638633728027
16.23527693748474,221.73936507902476,200.14328408241272,0.08500000089406967,3.69612979888916,18,0.05588322505354881,3.806690216064453
17.39464044570923,206.96029971047886,194.63503003120422,0.054999999701976776,3.7355878353118896,19,0.07411948591470718,3.7994730472564697
20.798160314559937,173.09223246441599,202.23095965385437,0.054999999701976776,3.818063259124756,20,0.049869004637002945,3.790048360824585
14.624441623687744,246.16324456237345,198.7318217754364,0.03500000014901161,3.8819000720977783,21,0.049856096506118774,3.782756805419922
15.818827152252197,227.5769224450658,196.7545201778412,0.07000000029802322,3.8765599727630615,22,0.049856096506118774,3.7772512435913086
17.577598094940186,204.80613907290785,194.73996305465698,0.06499999761581421,3.7304821014404297,23,0.049856096506118774,3.7669034004211426
15.394824743270874,233.84481863449412,205.0629541873932,0.05000000074505806,3.799893856048584,24,0.049869004637002945,3.757023811340332
18.1194806098938,198.6811916691634,200.6850724220276,0.06499999761581421,3.8337149620056152,25,0.05001097172498703,3.7494986057281494
16.965829849243164,212.19121210039683,202.54064416885376,0.02500000037252903,3.849454402923584,26,0.061394114047288895,3.745722770690918
15.692009687423706,229.41612143441412,197.98861408233643,0.04500000178813934,3.791513681411743,27,0.11847759783267975,3.7441015243530273
16.84762930870056,213.67991508104137,205.03853178024292,0.07000000029802322,3.8217475414276123,28,0.05363757163286209,3.745107412338257
14.580894947052002,246.8984251702503,194.3546245098114,0.05000000074505806,3.7949259281158447,29,0.06429797410964966,3.7470433712005615
17.261213302612305,208.56007841900532,197.00168657302856,0.03999999910593033,3.7957828044891357,30,0.07689428329467773,3.748849391937256
18.5877947807312,193.67547589517687,197.14665365219116,0.02500000037252903,3.638370990753174,31,0.06010350584983826,3.7416446208953857
16.479196310043335,218.45725557659392,195.94261741638184,0.08500000089406967,3.654231548309326,32,0.05118542164564133,3.729126453399658
14.838715314865112,242.60860348156933,198.26042985916138,0.05999999865889549,3.7129366397857666,33,0.05094020441174507,3.719958782196045
17.339218139648438,207.62181841222235,202.7000982761383,0.04500000178813934,3.5887844562530518,34,0.05094020441174507,3.711996555328369
15.259917497634888,235.91215355901886,203.79463934898376,0.03500000014901161,3.9192471504211426,35,0.05094020441174507,3.7110486030578613
15.58566927909851,230.9814186053502,201.93193554878235,0.07500000298023224,3.616530418395996,36,0.051172513514757156,3.710580348968506
13.790297269821167,261.05311071707484,200.43643379211426,0.06499999761581421,3.616969108581543,37,0.07322896271944046,3.710108995437622
22.680313110351562,158.72796739992614,194.30966138839722,0.054999999701976776,3.865873098373413,38,0.12444020062685013,3.7181663513183594
15.702513217926025,229.26266324617586,196.48528790473938,0.07999999821186066,3.744009017944336,39,0.09733747690916061,3.7304344177246094
13.996524572372437,257.2067073783441,201.80490899085999,0.07500000298023224,3.694732904434204,40,0.07365486770868301,3.7385733127593994
12.365436553955078,291.1340804096837,201.62139129638672,0.04500000178813934,3.759232759475708,41,0.06322677433490753,3.742191791534424
13.86289119720459,259.68608919948304,195.1067032814026,0.07500000298023224,3.659531354904175,42,0.06041325256228447,3.731904983520508
13.875206470489502,259.45559856400433,205.18726801872253,0.014999999664723873,3.846506357192993,43,0.06001316383481026,3.7258846759796143
13.973679065704346,257.62721349708784,205.27302503585815,0.11999999731779099,3.557100772857666,44,0.05700605362653732,3.708563804626465
14.816290140151978,242.97580338576395,203.17617750167847,0.07500000298023224,3.580718755722046,45,0.05583159998059273,3.6966488361358643
16.654808521270752,216.1537909848826,194.61466884613037,0.07500000298023224,3.658337354660034,46,0.05577997863292694,3.6964454650878906
14.280699491500854,252.0884920337787,202.45423531532288,0.07500000298023224,3.5158181190490723,47,0.05654143542051315,3.702441930770874
16.428908824920654,219.12593455624017,193.93257069587708,0.05000000074505806,3.777888774871826,48,0.0751519724726677,3.698741912841797
15.10638976097107,238.3097521620271,200.28232192993164,0.05000000074505806,3.591740608215332,49,0.09742782264947891,3.6955690383911133
14.612184286117554,246.36973702967975,200.66182589530945,0.06499999761581421,3.678468704223633,50,0.09778919070959091,3.6991419792175293
15.77875828742981,228.15483540729247,201.4218192100525,0.03999999910593033,3.5589029788970947,51,0.09944117069244385,3.7075395584106445
23.26884174346924,154.7133303706617,189.7883903980255,0.07000000029802322,3.7472715377807617,52,0.10117057710886002,3.7204835414886475
19.009006023406982,189.38391600103097,198.34550666809082,0.07500000298023224,3.70157527923584,53,0.11719990521669388,3.729454755783081
17.55903148651123,205.0226974514798,195.54112601280212,0.07000000029802322,3.6262781620025635,54,0.13774634897708893,3.7237370014190674
15.90733027458191,226.31075974781186,206.05993056297302,0.05999999865889549,3.7258951663970947,55,0.14063730835914612,3.7136847972869873
16.944328784942627,212.46046660751156,197.6498692035675,0.0949999988079071,3.701975107192993,56,0.12965424358844757,3.7020761966705322
14.611544370651245,246.38052684088353,203.4006690979004,0.03500000014901161,3.863513708114624,57,0.08928409963846207,3.69997501373291
14.956013917922974,240.70584714325759,195.53134489059448,0.06499999761581421,3.7348971366882324,58,0.07468735426664352,3.6996350288391113
24.919533014297485,144.46498648006423,196.7235848903656,0.05999999865889549,3.593167781829834,59,0.071409210562706,3.6946091651916504
13.151742219924927,273.72799282409824,198.31494760513306,0.09000000357627869,3.5486950874328613,60,0.07058322429656982,3.6871418952941895
15.04615592956543,239.26377055059385,199.68381643295288,0.03999999910593033,3.6998496055603027,61,0.07366777211427689,3.6844100952148438
16.86416244506836,213.47042948182462,190.07853507995605,0.07500000298023224,3.620633125305176,62,0.09635662287473679,3.683121681213379
17.86374068260193,201.52554070078702,205.4616997241974,0.08500000089406967,3.7284669876098633,63,0.10368726402521133,3.6838483810424805
16.163277626037598,222.72710296089463,200.59068536758423,0.07999999821186066,3.6397740840911865,64,0.10930139571428299,3.686426877975464
16.73719620704651,215.08978896264404,199.0633807182312,0.10000000149011612,3.590745449066162,65,0.11659331619739532,3.6880078315734863
15.783848762512207,228.0812528152362,198.2574257850647,0.125,3.5106916427612305,66,0.09448524564504623,3.684450149536133
23.06251335144043,156.09747060699925,199.36417698860168,0.09000000357627869,3.604506015777588,67,0.0885484591126442,3.680600166320801
17.115177392959595,210.33962531296206,200.1180818080902,0.09000000357627869,3.567945957183838,68,0.0861092135310173,3.677567958831787
15.95013427734375,225.7034290371833,192.93307042121887,0.05000000074505806,3.888021945953369,69,0.10289999097585678,3.6812829971313477
16.390429973602295,219.6403636633085,201.49060606956482,0.08500000089406967,3.601351737976074,70,0.12356258928775787,3.686818838119507
16.714298248291016,215.38445386829736,187.38054823875427,0.09000000357627869,3.6634485721588135,71,0.1487681120634079,3.6919407844543457
12.084745168685913,297.89622782682653,178.19796586036682,0.08500000089406967,3.6296072006225586,72,0.16686241328716278,3.69154691696167
14.694517374038696,244.9893323043221,180.28789401054382,0.07000000029802322,3.632193088531494,73,0.16513299942016602,3.686274290084839
14.964920282363892,240.5625911848383,182.10859370231628,0.07999999821186066,3.6652157306671143,74,0.15085889399051666,3.681501865386963
15.799654722213745,227.85308054476218,183.6662037372589,0.07999999821186066,3.757352352142334,75,0.14196662604808807,3.6819710731506348
9.845849990844727,365.6362836471712,190.6300985813141,0.09000000357627869,3.6041512489318848,76,0.12668585777282715,3.6806159019470215
14.287643909454346,251.96596603431774,182.59518885612488,0.10499999672174454,3.568082571029663,77,0.11563827097415924,3.677107095718384
13.865324974060059,259.6405065683682,183.50929522514343,0.07500000298023224,3.5688979625701904,78,0.11876153200864792,3.674783945083618
14.081263780593872,255.65887097160615,176.2514364719391,0.07500000298023224,3.7670319080352783,79,0.12760218977928162,3.675839424133301
15.459896326065063,232.8605524948104,189.75741457939148,0.054999999701976776,3.848801851272583,80,0.1374495029449463,3.686795473098755
15.681118249893188,229.57546411108288,190.00566577911377,0.07000000029802322,3.6592788696289062,81,0.14774854481220245,3.7024097442626953
16.643771648406982,216.29712760115677,188.1775233745575,0.06499999761581421,3.6687517166137695,82,0.16444897651672363,3.7123255729675293
18.377546548843384,195.8912192349512,185.63081002235413,0.10499999672174454,3.5611133575439453,83,0.1575184166431427,3.700218915939331
15.634809970855713,230.25543685600468,182.26042366027832,0.07500000298023224,3.608691692352295,84,0.15461456775665283,3.6810574531555176
21.164108514785767,170.09929794514858,183.13515305519104,0.07500000298023224,3.629667282104492,85,0.14115354418754578,3.6702780723571777
17.29524564743042,208.14968884439392,193.19015741348267,0.07500000298023224,3.6544809341430664,86,0.15984150767326355,3.667949676513672
14.177686929702759,253.92012236198215,185.56149697303772,0.05999999865889549,3.6616926193237305,87,0.15786688029766083,3.666926860809326
16.52473545074463,217.85522743952785,190.04885149002075,0.054999999701976776,3.7003650665283203,88,0.15613748133182526,3.6668899059295654
16.03554081916809,224.50131496012523,183.95382642745972,0.11500000208616257,3.6430907249450684,89,0.15669243037700653,3.672454833984375
11.685127258300781,308.08393613708074,189.8227162361145,0.07000000029802322,3.8397576808929443,90,0.15502755343914032,3.6958506107330322
14.626587390899658,246.12713162605797,188.96268844604492,0.07500000298023224,3.62246036529541,91,0.15660209953784943,3.712942600250244
17.32484531402588,207.7940630780412,190.85013461112976,0.10000000149011612,3.566009521484375,92,0.1487681120634079,3.703554630279541
14.274253368377686,252.20233290626757,191.09256720542908,0.10000000149011612,3.7056946754455566,93,0.13795283436775208,3.6884143352508545
23.27260112762451,154.68833845679632,184.701984167099,0.11500000208616257,3.6759097576141357,94,0.12971878051757812,3.6722140312194824
13.922976970672607,258.56539212720446,185.67858839035034,0.07500000298023224,3.7136778831481934,95,0.12077488005161285,3.6622982025146484
14.999668598175049,240.0053025463508,178.7493712902069,0.05999999865889549,3.6797444820404053,96,0.11558664590120316,3.657113552093506
12.615865230560303,285.35498233442325,192.6447081565857,0.09000000357627869,3.667041540145874,97,0.11584476381540298,3.654658555984497
15.054829835891724,239.12591767841565,199.84079098701477,0.0949999988079071,3.633488178253174,98,0.11719990521669388,3.6538546085357666
12.022964000701904,299.42699652014517,196.15996527671814,0.07500000298023224,3.6426219940185547,99,0.11357329785823822,3.654390335083008
15.331286191940308,234.81395852440144,187.39634656906128,0.10000000149011612,3.570354700088501,100,0.1166062206029892,3.6540520191192627
13.541367530822754,265.8520265258075,190.13839054107666,0.11999999731779099,3.5720832347869873,101,0.12065872550010681,3.6520397663116455
14.557461738586426,247.2958586219558,182.85119795799255,0.11999999731779099,3.601215124130249,102,0.12811842560768127,3.6493778228759766
16.93773055076599,212.54323235394685,187.79160809516907,0.125,3.5569684505462646,103,0.12871210277080536,3.645235776901245
25.506397008895874,141.14106350436037,176.4382107257843,0.10999999940395355,3.5708587169647217,104,0.1316288709640503,3.6417653560638428
14.637332201004028,245.94645735737708,182.63615107536316,0.14000000059604645,3.475148916244507,105,0.13186118006706238,3.6388885974884033
16.529956817626953,217.7864128574788,179.07197308540344,0.11999999731779099,3.602140188217163,106,0.1295509934425354,3.6384453773498535
15.535120248794556,231.73299867307696,186.20799851417542,0.18000000715255737,3.290956497192383,107,0.12551140785217285,3.640563488006592
13.834529876708984,260.21845571064557,180.75512742996216,0.05999999865889549,3.8841567039489746,108,0.12240104377269745,3.639220952987671
15.035565376281738,239.43230001040854,182.79733633995056,0.10499999672174454,3.7260003089904785,109,0.12619543075561523,3.6501598358154297
15.064286231994629,238.9758097103902,177.25964546203613,0.11999999731779099,3.613302230834961,110,0.13511350750923157,3.669053316116333
14.809383869171143,243.0891137540272,179.63334441184998,0.18000000715255737,3.5473873615264893,111,0.13972097635269165,3.67413330078125
14.960639953613281,240.63141758388022,170.69567918777466,0.09000000357627869,3.67061710357666,112,0.13408102095127106,3.6713085174560547
16.005677700042725,224.92018566576473,185.29567956924438,0.10000000149011612,3.6471927165985107,113,0.13295820355415344,3.6606509685516357
12.835370063781738,280.4749673839413,181.5933177471161,0.1599999964237213,3.571286201477051,114,0.1265309751033783,3.6441123485565186
22.109477758407593,162.82609835191715,180.21611642837524,0.14000000059604645,3.541426420211792,115,0.1246337890625,3.6332619190216064
15.371477842330933,234.1999928000479,175.3055181503296,0.10999999940395355,3.4400970935821533,116,0.1329323798418045,3.633563280105591
13.510697841644287,266.45551859680035,185.65016913414001,0.0949999988079071,3.7050540447235107,117,0.1524205356836319,3.631218671798706
14.136902570724487,254.65267104939153,180.19563150405884,0.07500000298023224,3.729464054107666,118,0.16242273151874542,3.6228435039520264
12.948018074035645,278.03482968710057,188.06421613693237,0.14000000059604645,3.511383295059204,119,0.15578901767730713,3.622403860092163
16.054287910461426,224.2391577924885,176.30965566635132,0.14499999582767487,3.5957016944885254,120,0.15922202169895172,3.629363536834717
14.97392988204956,240.4178481105088,181.23631119728088,0.125,3.4873082637786865,121,0.15973827242851257,3.631481647491455
16.679635524749756,215.83205428309327,174.8650097846985,0.11999999731779099,3.474064826965332,122,0.150342658162117,3.623474359512329
15.804777383804321,227.7792285571222,186.58637619018555,0.1599999964237213,3.4107282161712646,123,0.13426171243190765,3.6082887649536133
15.138590812683105,237.80284734190195,180.34595394134521,0.13500000536441803,3.5755691528320312,124,0.12207838892936707,3.6009647846221924
25.10182285308838,143.4158794390933,180.61537098884583,0.125,3.5903878211975098,125,0.12251719832420349,3.597435474395752
16.26758885383606,221.29892956761594,175.84256982803345,0.17000000178813934,3.457331657409668,126,0.1300027072429657,3.5948188304901123
15.852170705795288,227.09823574407386,183.5544958114624,0.18000000715255737,3.4169957637786865,127,0.14063730835914612,3.5924739837646484
13.672933340072632,263.29390412875927,187.14551091194153,0.15000000596046448,3.4767966270446777,128,0.15173651278018951,3.5900020599365234
13.464019060134888,267.37930063238736,177.94527077674866,0.14499999582767487,3.6734161376953125,129,0.16745609045028687,3.590730905532837
15.92923903465271,225.99949640836604,178.4812684059143,0.125,3.63432240486145,130,0.18225933611392975,3.6004910469055176
15.856009483337402,227.04325472201128,181.35954785346985,0.10999999940395355,3.5646800994873047,131,0.1968044638633728,3.611656427383423
16.29984951019287,220.86093480487614,179.22564816474915,0.1850000023841858,3.3979010581970215,132,0.19835318624973297,3.604311943054199
16.716505765914917,215.35601102357333,187.05619430541992,0.17499999701976776,3.4886460304260254,133,0.1991533637046814,3.588536262512207
15.17868971824646,237.17462223846653,182.7367045879364,0.13500000536441803,3.6008920669555664,134,0.200056791305542,3.576911687850952
24.641332864761353,146.09599325482208,175.49806833267212,0.1850000023841858,3.482978582382202,135,0.2030768096446991,3.5680229663848877
13.693700551986694,262.8946051750569,180.44242644309998,0.18000000715255737,3.2503561973571777,136,0.205516055226326,3.5632119178771973
13.580369234085083,265.0885213757249,183.55452704429626,0.1899999976158142,3.42085337638855,137,0.2238684594631195,3.565016984939575
15.31713080406189,235.03096278614595,174.8057997226715,0.1550000011920929,3.7219345569610596,138,0.23960094153881073,3.5552003383636475
16.053603887557983,224.24871232746102,177.38874125480652,0.14499999582767487,3.6188387870788574,139,0.24712517857551575,3.55131459236145
13.601691484451294,264.6729639556464,185.20697903633118,0.1850000023841858,3.3410727977752686,140,0.24739620089530945,3.5573713779449463
13.86340856552124,259.67639797858374,177.5237386226654,0.13500000536441803,3.6006293296813965,141,0.2511260509490967,3.571132183074951
11.555596590042114,311.5373552502043,169.98092103004456,0.1850000023841858,3.487384080886841,142,0.2531006932258606,3.5732967853546143
12.212369203567505,294.7830957279247,163.87732481956482,0.20000000298023224,3.4316039085388184,143,0.2518745958805084,3.553276538848877
13.477297067642212,267.1158750847215,163.50301456451416,0.25,3.509457588195801,144,0.23917505145072937,3.532949924468994
23.271071910858154,154.6985035236069,160.04805946350098,0.1850000023841858,3.4354233741760254,145,0.22601087391376495,3.518157958984375
11.647569179534912,309.0773658013807,173.0065939426422,0.1550000011920929,3.4379661083221436,146,0.22879856824874878,3.510186195373535
12.73973274230957,282.58049621748665,166.9870846271515,0.16500000655651093,3.458597421646118,147,0.24081411957740784,3.502743721008301
12.090068817138672,297.76505447981424,172.28699254989624,0.16500000655651093,3.4408364295959473,148,0.2529587149620056,3.4955828189849854
12.873760461807251,279.63857263619013,165.2963445186615,0.25,3.1692535877227783,149,0.2570628523826599,3.48895525932312
12.915531158447266,278.73418102866475,167.8289656639099,0.25999999046325684,3.4389331340789795,150,0.26592931151390076,3.4832446575164795
14.184372186660767,253.80044690208453,157.55995154380798,0.14000000059604645,3.4622018337249756,151,0.27820295095443726,3.4810688495635986
10.69563889503479,336.58578373202363,172.7619981765747,0.23000000417232513,3.457559823989868,152,0.2899990975856781,3.480299711227417
12.93718409538269,278.2676642349743,157.95442271232605,0.25999999046325684,3.311483383178711,153,0.29548418521881104,3.471181631088257
13.26427435874939,271.4057250802691,168.23107743263245,0.30000001192092896,3.2914023399353027,154,0.29683929681777954,3.454040288925171
22.22071409225464,162.0109950136496,164.43773460388184,0.18000000715255737,3.4654135704040527,155,0.2864241302013397,3.4428887367248535
13.354886293411255,269.5642569249047,167.86549067497253,0.2549999952316284,3.3754990100860596,156,0.27134984731674194,3.434732437133789
12.577247381210327,286.2311514503714,159.65958952903748,0.23999999463558197,3.418210983276367,157,0.2549978792667389,3.4299583435058594
14.268522500991821,252.30362847658262,171.9315710067749,0.1599999964237213,3.669736623764038,158,0.2539653778076172,3.4397811889648438
12.670154094696045,284.13229808365355,165.63605499267578,0.2750000059604645,3.179675817489624,159,0.2494869828224182,3.441840171813965
12.222546577453613,294.5376380598753,166.216322183609,0.28999999165534973,3.2792046070098877,160,0.24086573719978333,3.4314768314361572
13.72643756866455,262.2676118251012,166.53053522109985,0.3149999976158142,3.2542378902435303,161,0.22988268733024597,3.4094979763031006
12.911690950393677,278.8170824279399,170.7902638912201,0.3100000023841858,3.232992172241211,162,0.21991920471191406,3.3929035663604736
12.960732698440552,277.76207439515787,161.61145567893982,0.24500000476837158,3.261373281478882,163,0.21714439988136292,3.385401487350464
14.061830282211304,256.0121924209342,169.29670906066895,0.22499999403953552,3.1762802600860596,164,0.22140340507030487,3.3769168853759766
19.956128358840942,180.39571279892735,165.10349678993225,0.23499999940395355,3.3301029205322266,165,0.23629699647426605,3.3580353260040283
14.419763088226318,249.6573610796273,169.97625946998596,0.2199999988079071,3.3763701915740967,166,0.26503878831863403,3.3452231884002686
13.730356931686401,262.1927469119215,165.5872962474823,0.3050000071525574,3.063927412033081,167,0.2908896207809448,3.340160608291626
13.78716492652893,261.1124200794151,170.01471495628357,0.27000001072883606,3.3222198486328125,168,0.31428828835487366,3.334967613220215
13.820687532424927,260.4790819236731,160.65658450126648,0.3100000023841858,3.203061819076538,169,0.3271169066429138,3.3221263885498047
14.875845432281494,242.00305228957137,165.07486033439636,0.26499998569488525,3.12601375579834,170,0.3263038396835327,3.3009097576141357
14.805932760238647,243.14577529811595,163.03222060203552,0.25999999046325684,3.4682729244232178,171,0.3251810073852539,3.292297840118408
13.50059986114502,266.65481808411107,168.494695186615,0.3199999928474426,2.9529027938842773,172,0.3154369294643402,3.2749297618865967
15.545595169067383,231.576852532689,160.70303630828857,0.22499999403953552,3.3513143062591553,173,0.3161596655845642,3.26401424407959
14.711326360702515,244.70941040479295,166.26416540145874,0.23999999463558197,3.2775347232818604,174,0.31943780183792114,3.257169008255005
19.9030704498291,180.87661444372324,164.8776478767395,0.27000001072883606,3.2808830738067627,175,0.32755571603775024,3.2504873275756836
11.875375747680664,303.1483025455513,168.89950466156006,0.3199999928474426,3.03288197517395,176,0.33413779735565186,3.2343838214874268
12.625586032867432,285.1352793152204,162.07208442687988,0.3400000035762787,2.9963018894195557,177,0.3370932936668396,3.2075161933898926
13.828869819641113,260.3249612551076,172.67553162574768,0.3499999940395355,2.9943127632141113,178,0.334021657705307,3.1859467029571533
13.797283172607422,260.920933125972,155.75071954727173,0.3499999940395355,3.0682692527770996,179,0.32403236627578735,3.171959400177002
14.870997667312622,242.08194235098452,163.75672507286072,0.24500000476837158,3.302793264389038,180,0.3173728287220001,3.1597917079925537
14.02848196029663,256.62078122128327,166.3847439289093,0.38999998569488525,2.8626410961151123,181,0.3116167485713959,3.1507484912872314
12.3300940990448,291.96857469878415,172.25653767585754,0.2750000059604645,3.200916051864624,182,0.3116167485713959,3.149757146835327
10.79375672340393,333.5261385124771,166.2234570980072,0.2549999952316284,3.3116061687469482,183,0.3226127028465271,3.149207592010498
14.107228517532349,255.18832388133143,161.49954438209534,0.33000001311302185,3.206014633178711,184,0.3315823972225189,3.166816473007202
12.0995774269104,297.5310519517252,147.0520613193512,0.3050000071525574,3.080659866333008,185,0.34135228395462036,3.1499381065368652
20.784517288208008,173.20585078213207,146.19041419029236,0.3149999976158142,3.115663766860962,186,0.3462953269481659,3.108245611190796
11.805517196655273,304.94216729614766,148.59407496452332,0.38499999046325684,2.867561101913452,187,0.3359575569629669,3.07084321975708
10.56810736656189,340.6475611130343,152.900799036026,0.39500001072883606,2.7681260108947754,188,0.32654905319213867,3.0534372329711914
12.481708526611328,288.4220531447843,145.40884685516357,0.3199999928474426,3.0420525074005127,189,0.3449788987636566,3.0300469398498535
11.484415054321289,313.4682944644545,148.61192083358765,0.3700000047683716,3.0162572860717773,190,0.3522837162017822,3.024048089981079
10.820593357086182,332.69894553817926,148.71870064735413,0.26499998569488525,3.23398494720459,191,0.3460242748260498,3.0524494647979736
12.074663162231445,298.14496285581737,147.34405326843262,0.4449999928474426,2.719087600708008,192,0.34540480375289917,3.0582149028778076
9.818081378936768,366.6704176768451,145.8161644935608,0.33000001311302185,2.994410514831543,193,0.35303229093551636,3.0374748706817627
11.201058149337769,321.39820649112863,148.9978108406067,0.3050000071525574,3.1069626808166504,194,0.36472517251968384,2.995642900466919
10.706340789794922,336.24933772250654,152.51412534713745,0.42500001192092896,2.854524612426758,195,0.37071356177330017,2.9588449001312256
11.327563285827637,317.80886225584834,150.21995973587036,0.28999999165534973,3.0288751125335693,196,0.3679387867450714,2.9414024353027344
10.721479415893555,335.7745568828261,149.04710268974304,0.44999998807907104,2.6392242908477783,197,0.3671773076057434,2.9261584281921387
10.98535943031311,327.70889499219516,147.14421844482422,0.42500001192092896,2.713174819946289,198,0.3747531771659851,2.904665470123291
11.794284582138062,305.23258743917756,145.6058976650238,0.2849999964237213,3.1274209022521973,199,0.3832453489303589,2.89347505569458
12.670727729797363,284.1194347136029,147.05059099197388,0.35499998927116394,3.0241775512695312,200,0.38866591453552246,2.9017229080200195
8.437857627868652,426.64858294241407,154.08091855049133,0.4000000059604645,2.674165725708008,201,0.3896338641643524,2.8994555473327637
11.904107332229614,302.41662810391745,144.89462280273438,0.3700000047683716,2.758068561553955,202,0.3914536237716675,2.8790721893310547
11.896569728851318,302.60823767286075,148.73997116088867,0.4000000059604645,2.7684314250946045,203,0.38925957679748535,2.84554386138916
12.026264905929565,299.34481139069334,151.73095059394836,0.38999998569488525,2.8145077228546143,204,0.38226449489593506,2.8266761302948
17.643880367279053,204.03674957331245,150.6308789253235,0.39500001072883606,2.811025381088257,205,0.37879276275634766,2.8139455318450928
13.429667234420776,268.0632317361561,146.90726852416992,0.39500001072883606,2.773683547973633,206,0.3815288543701172,2.79974627494812
11.41312551498413,315.42630415074393,157.53281664848328,0.3050000071525574,2.9988982677459717,207,0.3896338641643524,2.785409688949585
10.068241596221924,357.5599538007599,146.00817227363586,0.4300000071525574,2.630479097366333,208,0.39683544635772705,2.77744197845459
12.768547058105469,281.94280708819736,151.85076117515564,0.4000000059604645,2.662320613861084,209,0.4012364149093628,2.7713794708251953
11.973160028457642,300.6725034530207,142.13025426864624,0.3799999952316284,2.8757314682006836,210,0.40324974060058594,2.7670369148254395
12.065628051757812,298.3682229020415,152.35731077194214,0.4099999964237213,2.588820695877075,211,0.4045661687850952,2.751400947570801
11.991065979003906,300.22351693365056,142.88330006599426,0.3499999940395355,2.7912120819091797,212,0.40968987345695496,2.725646734237671
11.496483564376831,313.139229038261,146.14774346351624,0.3700000047683716,2.789494514465332,213,0.4143102467060089,2.7034261226654053
12.25441026687622,293.7717867771109,147.37677311897278,0.49000000953674316,2.376215696334839,214,0.4154846966266632,2.682032823562622
21.22376298904419,169.621193087123,150.271333694458,0.4000000059604645,2.6043055057525635,215,0.4147232174873352,2.661003589630127
11.19309949874878,321.6267308623877,144.32994389533997,0.33000001311302185,3.0123326778411865,216,0.4151878356933594,2.6520814895629883
13.126433849334717,274.2557530339787,158.97378182411194,0.4300000071525574,2.6439337730407715,217,0.41695597767829895,2.645718574523926
13.089298009872437,275.0338480554683,151.90365195274353,0.4350000023841858,2.5292809009552,218,0.4177432358264923,2.637817621231079
11.91989254951477,302.01614528367094,152.37664151191711,0.4449999928474426,2.5515902042388916,219,0.4188402593135834,2.629816770553589
11.532282829284668,312.167161809307,148.84793615341187,0.3199999928474426,3.032388210296631,220,0.4240672290325165,2.6178834438323975
12.625113487243652,285.1459516492601,146.35852932929993,0.3400000035762787,2.772092580795288,221,0.43022340536117554,2.599320888519287
12.076142311096191,298.1084445064987,143.08455777168274,0.25999999046325684,3.1991360187530518,222,0.43350154161453247,2.585129499435425
10.840348720550537,332.09263768197036,152.66511726379395,0.4300000071525574,2.3540029525756836,223,0.43396615982055664,2.5701539516448975
11.2486572265625,320.0381990037873,151.03907179832458,0.30000001192092896,2.8829314708709717,224,0.44076764583587646,2.5583012104034424
22.291046619415283,161.49981925319,143.8985161781311,0.4000000059604645,2.689476251602173,225,0.44627854228019714,2.5484158992767334
12.787352085113525,281.52818316396883,149.46904373168945,0.3700000047683716,2.726895332336426,226,0.4473497271537781,2.551513195037842
11.851601123809814,303.7564260214272,155.72603678703308,0.4399999976158142,2.667661190032959,227,0.44371023774147034,2.563621997833252
9.375242233276367,383.9900783813569,139.38319659233093,0.4099999964237213,2.7086825370788574,228,0.44347792863845825,2.5617270469665527
11.266429662704468,319.53334887601227,132.78730988502502,0.49000000953674316,2.431467294692993,229,0.448459655046463,2.54014253616333
11.417385816574097,315.3086054755235,132.8539891242981,0.4749999940395355,2.534879684448242,230,0.45191848278045654,2.5013961791992188
12.064122438430786,298.4054595245191,133.98041820526123,0.4650000035762787,2.489929676055908,231,0.45136353373527527,2.4729816913604736
9.26302194595337,388.64206745971177,137.1308033466339,0.4050000011920929,2.538292169570923,232,0.44465237855911255,2.4633896350860596
10.750052213668823,334.88209437927713,133.81610703468323,0.4449999928474426,2.416515350341797,233,0.44898882508277893,2.4420299530029297
10.867671012878418,331.25772722912984,134.40066027641296,0.39500001072883606,2.4799420833587646,234,0.4537382423877716,2.426281452178955
16.952204942703247,212.361755427547,134.70397472381592,0.5,2.4348058700561523,235,0.45273157954216003,2.4327597618103027
8.341355323791504,431.58453995263267,139.18967580795288,0.42500001192092896,2.6512551307678223,236,0.45065370202064514,2.441558837890625
9.391344785690308,383.33168275169265,134.683176279068,0.44999998807907104,2.5883100032806396,237,0.4515312910079956,2.438260555267334
11.834449768066406,304.19665219367386,136.94366669654846,0.41499999165534973,2.5662877559661865,238,0.4558548331260681,2.4125850200653076
10.70284652709961,336.3591163233818,135.35619974136353,0.5099999904632568,2.261286735534668,239,0.4621400833129883,2.377699375152588
10.861617803573608,331.44233806639323,137.43095564842224,0.4950000047683716,2.267275094985962,240,0.46585702896118164,2.3561031818389893
9.368697166442871,384.25833774354527,128.47073602676392,0.44999998807907104,2.397090196609497,241,0.4644889831542969,2.349766492843628
8.698373317718506,413.8704868721642,136.17073559761047,0.4099999964237213,2.4645607471466064,242,0.46621838212013245,2.345621109008789
9.639628410339355,373.4583789701562,134.54930806159973,0.4050000011920929,2.6177892684936523,243,0.47334253787994385,2.34088134765625
10.376183986663818,346.9483583393438,135.94912362098694,0.5,2.2235357761383057,244,0.4799891710281372,2.3320395946502686
10.130523443222046,355.3616967747728,138.9801778793335,0.39500001072883606,2.6234560012817383,245,0.4845966100692749,2.331648349761963
11.002814054489136,327.189024750555,129.43364763259888,0.5049999952316284,2.281686782836914,246,0.48737141489982605,2.3259201049804688
10.903366327285767,330.173259518115,136.85072875022888,0.5049999952316284,2.3072056770324707,247,0.4880812466144562,2.3081932067871094
9.525809049606323,377.92065547952365,137.20810556411743,0.4449999928474426,2.4392261505126953,248,0.4902752935886383,2.2935779094696045
8.937647104263306,402.79057317924094,133.64678359031677,0.49000000953674316,2.370342493057251,249,0.4906753599643707,2.2783663272857666
9.260351181030273,388.75415517443446,131.71731615066528,0.42500001192092896,2.472294807434082,250,0.4904946982860565,2.272714138031006
11.204914569854736,321.2875901513162,132.10179591178894,0.39500001072883606,2.5412092208862305,251,0.4896041750907898,2.2693564891815186
9.825547695159912,366.3917892102206,132.19013023376465,0.5099999904632568,2.2334020137786865,252,0.4862098693847656,2.2647526264190674
10.414064407348633,345.6863582925105,136.4871129989624,0.4650000035762787,2.430917978286743,253,0.48335763812065125,2.258493423461914
9.198298215866089,391.3767433404564,133.76262664794922,0.3799999952316284,2.5839595794677734,254,0.4837835431098938,2.2485175132751465
12.181424379348755,295.53194174099235,134.7004976272583,0.5,2.1643917560577393,255,0.48380935192108154,2.233289957046509
10.090112924575806,356.78490685983536,131.3853359222412,0.4950000047683716,2.291316032409668,256,0.4833705425262451,2.2169084548950195
7.382677793502808,487.62794485873576,133.8188076019287,0.4650000035762787,2.27297043800354,257,0.48475149273872375,2.201694965362549
10.870591163635254,331.16874195792286,135.11819124221802,0.5400000214576721,2.0946619510650635,258,0.48836520314216614,2.1872997283935547
10.087948560714722,356.86145486698865,135.3145489692688,0.5350000262260437,2.098921537399292,259,0.4947924017906189,2.1707756519317627
10.735899448394775,335.3235578727658,138.34254622459412,0.41499999165534973,2.4009134769439697,260,0.49581199884414673,2.168297290802002
9.9542818069458,361.65341406027176,137.42131662368774,0.5450000166893005,1.9997470378875732,261,0.49572163820266724,2.172213077545166
8.788350582122803,409.6331804654099,132.20100927352905,0.4099999964237213,2.465634346008301,262,0.49255967140197754,2.1905691623687744
9.151642084121704,393.3720273267764,135.52439713478088,0.44999998807907104,2.407144546508789,263,0.49570873379707336,2.1895925998687744
9.208234071731567,390.9544405535552,132.3139681816101,0.5099999904632568,2.1417720317840576,264,0.502665102481842,2.1601450443267822
15.38277554512024,234.02798730571092,131.4971101284027,0.44999998807907104,2.368514060974121,265,0.5072725415229797,2.1312625408172607
7.5320353507995605,477.95845775177395,137.96412992477417,0.4650000035762787,2.226299524307251,266,0.5129899382591248,2.1008808612823486
9.83003568649292,366.2245097387208,129.69068717956543,0.5950000286102295,2.021073818206787,267,0.5134287476539612,2.078510046005249
10.37276315689087,347.0627783117207,134.45636701583862,0.47999998927116394,2.2436258792877197,268,0.5128350853919983,2.0649311542510986
8.274353981018066,435.0792833203228,133.84907865524292,0.45500001311302185,2.236058473587036,269,0.5134029388427734,2.055035352706909
11.449331998825073,314.4288243514496,139.06612277030945,0.5600000023841858,2.0198538303375244,270,0.5119316577911377,2.0526089668273926
9.752817153930664,369.1241149280746,129.57116031646729,0.48500001430511475,2.292522668838501,271,0.510034441947937,2.061969757080078
11.541462421417236,311.9188772230077,133.3714017868042,0.5950000286102295,1.7433021068572998,272,0.5076984763145447,2.07220721244812
10.242987632751465,351.4599576874594,134.7320511341095,0.4950000047683716,2.245598793029785,273,0.5098537802696228,2.0766091346740723
10.825500965118408,332.54812055347907,136.3603332042694,0.4950000047683716,2.143225908279419,274,0.512822151184082,2.07611346244812
15.180272579193115,237.1498918230461,135.60771346092224,0.5049999952316284,2.237488031387329,275,0.5182427167892456,2.0632410049438477
9.724922895431519,370.18288357753187,134.75996899604797,0.5049999952316284,2.0988993644714355,276,0.523443877696991,2.0487935543060303
11.205857515335083,321.260554587049,137.7302269935608,0.48500001430511475,2.2389163970947266,277,0.5262832045555115,2.0362541675567627
10.03822374343872,358.62918500427594,136.4079840183258,0.41999998688697815,2.5543110370635986,278,0.5281029343605042,2.0299811363220215
11.027406692504883,326.4593480937681,134.8008415699005,0.48500001430511475,2.251072406768799,279,0.5314972400665283,2.0204691886901855
9.388036251068115,383.4667766211931,132.59338569641113,0.48500001430511475,2.2496750354766846,280,0.5356529951095581,2.0090184211730957
10.794431209564209,333.50529825140626,136.98604702949524,0.6050000190734863,1.8047159910202026,281,0.5369306802749634,1.998363733291626
8.591529130935669,419.01737689946447,131.59004163742065,0.5799999833106995,1.8523533344268799,282,0.5364273190498352,1.9853286743164062
10.876343488693237,330.9935920782997,136.40492510795593,0.5149999856948853,2.071962356567383,283,0.5371371507644653,1.9731223583221436
10.85923171043396,331.5151657129651,132.6674563884735,0.41499999165534973,2.3755698204040527,284,0.5369177460670471,1.9678242206573486
16.364165782928467,219.99288248201543,132.79913854599,0.49000000953674316,2.1203837394714355,285,0.5346333980560303,1.964497685432434
9.19074034690857,391.69858619832615,134.40907669067383,0.5400000214576721,2.1506621837615967,286,0.5314198136329651,1.9629676342010498
8.874061822891235,405.6766869387319,136.6482162475586,0.5149999856948853,1.979832410812378,287,0.5307615995407104,1.955159306526184
8.895461559295654,404.7007539747099,131.6805555820465,0.5249999761581421,1.9898930788040161,288,0.5313552618026733,1.944251537322998
11.240021228790283,320.28409259396506,132.59253478050232,0.5249999761581421,2.053946018218994,289,0.534801185131073,1.9334180355072021
9.302251815795898,387.00306885768657,133.99432373046875,0.5149999856948853,2.0291407108306885,290,0.5394989848136902,1.9249992370605469
10.956156492233276,328.58238220237257,131.26006841659546,0.5699999928474426,2.0385143756866455,291,0.5436031222343445,1.920871376991272
10.124539375305176,355.57173186375087,133.06013584136963,0.4950000047683716,2.2105824947357178,292,0.5471006631851196,1.9183939695358276
10.187919855117798,353.3596701972068,135.45348644256592,0.5400000214576721,1.901625394821167,293,0.5533987879753113,1.9020262956619263
9.287532806396484,387.6163966301812,132.63318538665771,0.5249999761581421,2.0183424949645996,294,0.5548313856124878,1.895693302154541
10.646480798721313,338.1399044492125,135.4617621898651,0.5350000262260437,2.022458791732788,295,0.5582515001296997,1.8881611824035645
10.95264220237732,328.68781189790025,137.1518726348877,0.4650000035762787,2.2571663856506348,296,0.5668598413467407,1.8752169609069824
9.782845497131348,367.99109227020284,129.33195519447327,0.6650000214576721,1.6250611543655396,297,0.5660983920097351,1.8746726512908936
9.475955247879028,379.9089280002431,134.73816633224487,0.5849999785423279,1.864120602607727,298,0.5620974898338318,1.8782916069030762
11.141590356826782,323.11365655210733,130.37052655220032,0.5199999809265137,2.0568480491638184,299,0.5590387582778931,1.8722630739212036
10.128725051879883,355.42479251441847,138.60829091072083,0.5450000166893005,1.9098871946334839,300,0.5571415424346924,1.8562511205673218
11.600268125534058,310.3376543578178,127.72125959396362,0.5550000071525574,1.8628430366516113,301,0.5568189024925232,1.837243676185608
10.56269097328186,340.8222401948648,137.4593756198883,0.5149999856948853,2.0324578285217285,302,0.5576190948486328,1.8226324319839478
11.055087089538574,325.64193939337474,133.45371007919312,0.6100000143051147,1.8369472026824951,303,0.5595163106918335,1.8133443593978882
10.176243543624878,353.76511819582936,131.2064163684845,0.4749999940395355,2.0294241905212402,304,0.563659131526947,1.8084561824798584
10.523383617401123,342.0952928150559,139.16787552833557,0.5649999976158142,1.828243374824524,305,0.5659176707267761,1.80632746219635
11.538059949874878,312.0108593333353,134.6973340511322,0.5450000166893005,1.895280122756958,306,0.5685892105102539,1.8001083135604858
9.217053174972534,390.5803657263513,130.95736074447632,0.5799999833106995,1.9018778800964355,307,0.5733128786087036,1.7884033918380737
9.6444091796875,373.2732542686091,134.4288489818573,0.5299999713897705,1.9677963256835938,308,0.5791980028152466,1.7681360244750977
9.426451444625854,381.9040517152834,127.98694705963135,0.5950000286102295,1.6412523984909058,309,0.5800756216049194,1.7595025300979614
9.642131567001343,373.36142687789345,137.03763628005981,0.44999998807907104,2.235905885696411,310,0.5791980028152466,1.7621698379516602
10.564568042755127,340.7616842856888,133.2269675731659,0.5550000071525574,1.7870007753372192,311,0.5786043405532837,1.757149577140808
12.433483600616455,289.54073658178237,133.21668910980225,0.5049999952316284,1.9170070886611938,312,0.5793271064758301,1.7423200607299805
7.944509744644165,453.1431284890751,142.20874571800232,0.5149999856948853,1.854655146598816,313,0.5790173411369324,1.7271764278411865
10.067572355270386,357.5837225659864,130.7454981803894,0.6549999713897705,1.7459237575531006,314,0.580875813961029,1.7148584127426147
15.863591194152832,226.93474358611343,137.82369995117188,0.5350000262260437,1.9379394054412842,315,0.5825148820877075,1.7071311473846436
10.554085731506348,341.10012857420526,132.19065594673157,0.6050000190734863,1.6774982213974,316,0.5830569267272949,1.7031351327896118
9.436859130859375,381.4828588706679,139.61532759666443,0.4699999988079071,1.9641233682632446,317,0.5861027836799622,1.694587230682373
9.078547954559326,396.53918424168796,135.65062761306763,0.5550000071525574,1.9032363891601562,318,0.5877031087875366,1.6921528577804565
9.588849782943726,375.43606183126786,135.08870673179626,0.48500001430511475,2.0279455184936523,319,0.5881547927856445,1.6970402002334595
10.478050470352173,343.57536358373756,131.05018138885498,0.5249999761581421,1.9669009447097778,320,0.5907747745513916,1.6903232336044312
10.272781372070312,350.4406323478953,133.51263046264648,0.5199999809265137,1.9637678861618042,321,0.592865526676178,1.6859276294708252
9.313735723495483,386.52589110064474,133.79750514030457,0.5,1.957076907157898,322,0.592517077922821,1.6908698081970215
11.179962635040283,322.0046539973994,134.97321724891663,0.49000000953674316,2.029491424560547,323,0.5949046611785889,1.6932768821716309
10.649086713790894,338.0571589616121,136.52559399604797,0.5649999976158142,1.6883927583694458,324,0.5989829897880554,1.6700142621994019
9.550537347793579,376.9421414630343,134.01623940467834,0.5950000286102295,1.5866420269012451,325,0.6001187562942505,1.650899052619934
15.79253101348877,227.95586071195024,136.22275757789612,0.5849999785423279,1.7263216972351074,326,0.6001445651054382,1.6367615461349487
10.636651515960693,338.4523780437918,131.64037799835205,0.6100000143051147,1.655637502670288,327,0.599744439125061,1.626352071762085
11.308590173721313,318.34206958579256,133.51108980178833,0.5600000023841858,1.7730107307434082,328,0.5988152027130127,1.62727689743042
12.90262246131897,279.0130464401723,128.85765266418457,0.5350000262260437,1.7902342081069946,329,0.5978601574897766,1.6275036334991455
8.514665603637695,422.7999275111853,141.83454370498657,0.5249999761581421,2.0091593265533447,330,0.5973955392837524,1.6286629438400269
11.00998830795288,326.97582407054875,131.1799783706665,0.6549999713897705,1.6750568151474,331,0.5986216068267822,1.620499849319458
10.937698602676392,329.13688068887734,135.97568106651306,0.5400000214576721,1.811417818069458,332,0.5993959903717041,1.6166356801986694
11.283753871917725,319.04276190917693,132.90519332885742,0.5350000262260437,1.827704668045044,333,0.5950079560279846,1.6203888654708862
10.546683073043823,341.3395448661209,137.20746779441833,0.5350000262260437,2.0809316635131836,334,0.5947369337081909,1.6211059093475342
8.660564661026001,415.67728443857783,137.5701563358307,0.5699999928474426,1.8039402961730957,335,0.5975762605667114,1.6125507354736328
14.026716470718384,256.65308110527627,133.58995175361633,0.5600000023841858,1.7817738056182861,336,0.6013576984405518,1.5978384017944336
7.933418035507202,453.7766677474526,136.33330750465393,0.5600000023841858,1.7271031141281128,337,0.6061974763870239,1.5809210538864136
9.990782499313354,360.33213617125796,134.52989268302917,0.6000000238418579,1.610914707183838,338,0.6076558828353882,1.569870114326477
10.509887933731079,342.534575316064,134.224858045578,0.5849999785423279,1.7010961771011353,339,0.6080430746078491,1.567030429840088
10.79854679107666,333.37819149654905,132.00840401649475,0.6150000095367432,1.5707993507385254,340,0.6063136458396912,1.5712401866912842
10.500672817230225,342.83517472260183,132.92244601249695,0.6399999856948853,1.649192452430725,341,0.6078494787216187,1.5656728744506836
9.391603946685791,383.32110472678164,131.39788818359375,0.5799999833106995,1.5505999326705933,342,0.6138120889663696,1.549020528793335
10.608630418777466,339.3463489526353,135.2496132850647,0.6100000143051147,1.595615267753601,343,0.6127150654792786,1.5492016077041626
11.318824291229248,318.0542349075579,130.87031984329224,0.5849999785423279,1.739962100982666,344,0.6094239950180054,1.5623233318328857
15.476161241531372,232.61582402870977,122.00175642967224,0.6299999952316284,1.4407230615615845,345,0.605991005897522,1.5716921091079712
8.576430797576904,419.7550338792574,120.74764442443848,0.574999988079071,1.8024108409881592,346,0.6048681735992432,1.5731439590454102
8.548510789871216,421.12598188043404,122.18938088417053,0.6499999761581421,1.487277865409851,347,0.6053714752197266,1.5621386766433716
8.019602060317993,448.9000791963552,120.72657108306885,0.5950000286102295,1.5802998542785645,348,0.6077591180801392,1.5508965253829956
8.836395978927612,407.40591623383733,123.15029811859131,0.5550000071525574,1.6011879444122314,349,0.6118503212928772,1.5446175336837769
7.606529951095581,473.2775685030316,121.26173233985901,0.5950000286102295,1.7258557081222534,350,0.6146767735481262,1.550748586654663
10.0986647605896,356.4827712718149,122.15907192230225,0.6499999761581421,1.5956716537475586,351,0.6180581450462341,1.547592043876648
7.45629620552063,482.81343723101634,123.57735896110535,0.6700000166893005,1.287980318069458,352,0.6199682354927063,1.530291199684143
8.941646337509155,402.61042140510784,123.6703565120697,0.6600000262260437,1.4204962253570557,353,0.6206651926040649,1.5190259218215942
7.877424001693726,457.0021874188775,125.24039125442505,0.550000011920929,1.9213329553604126,354,0.6231043934822083,1.5150272846221924
9.596549987792969,375.13481455098787,126.89103770256042,0.5799999833106995,1.5884050130844116,355,0.6258792281150818,1.5228222608566284
9.256606101989746,388.9114390668698,125.47547054290771,0.6150000095367432,1.5492204427719116,356,0.627440869808197,1.523329257965088
9.022247314453125,399.0136686048282,124.10119676589966,0.5550000071525574,1.8817687034606934,357,0.6296994090080261,1.5052622556686401
8.490300416946411,424.0132649269391,123.19674277305603,0.6150000095367432,1.6584762334823608,358,0.6297639608383179,1.4862529039382935
7.326094150543213,491.3941762177693,122.50973272323608,0.6100000143051147,1.5938372611999512,359,0.630538284778595,1.475258708000183
8.877311944961548,405.5281623896561,125.79551935195923,0.5699999928474426,1.752171277999878,360,0.6309384107589722,1.4677485227584839
7.163329124450684,502.55962520444206,124.7098536491394,0.5550000071525574,1.8205832242965698,361,0.6317386031150818,1.4621014595031738
9.601203680038452,374.95298714312685,123.35353827476501,0.6150000095367432,1.5519866943359375,362,0.6330679059028625,1.458649754524231
8.9996497631073,400.015566689901,126.17674851417542,0.6150000095367432,1.4641565084457397,363,0.6350425481796265,1.461592197418213
7.7095701694488525,466.95210250059364,122.1801164150238,0.5799999833106995,1.6092926263809204,364,0.6355071663856506,1.46407151222229
10.978062152862549,327.92672785709215,126.05060243606567,0.5299999713897705,1.712239384651184,365,0.6366428732872009,1.459337830543518
8.502236604690552,423.41799780235897,120.15131425857544,0.6399999856948853,1.4968942403793335,366,0.636500895023346,1.448161005973816
8.683976650238037,414.5566190463352,124.7425479888916,0.5699999928474426,1.8368735313415527,367,0.6354813575744629,1.442102074623108
8.714274644851685,413.1152788633817,122.27864336967468,0.5699999928474426,1.7690341472625732,368,0.6317127346992493,1.4422054290771484
10.128515005111694,355.4321633707547,121.04434275627136,0.6150000095367432,1.4429237842559814,369,0.6310158371925354,1.4433975219726562
8.263931274414062,435.62801776267804,124.64079117774963,0.6700000166893005,1.4167885780334473,370,0.6283959150314331,1.4432131052017212
9.150993585586548,393.39990421042916,121.24571323394775,0.6200000047683716,1.497745156288147,371,0.6294541954994202,1.444963812828064
7.931755542755127,453.871779153386,122.66452646255493,0.6299999952316284,1.5318057537078857,372,0.630435049533844,1.448228359222412
9.200996398925781,391.2619724990112,121.11772108078003,0.5699999928474426,1.601084589958191,373,0.632164478302002,1.4506124258041382
8.717799425125122,412.9482481123189,123.14838194847107,0.5799999833106995,1.7943638563156128,374,0.6343197822570801,1.4459322690963745
12.536343574523926,287.1650715856128,121.75372409820557,0.6499999761581421,1.4048947095870972,375,0.6362814903259277,1.4440826177597046
9.166592359542847,392.73045629134293,123.9809455871582,0.6349999904632568,1.5087804794311523,376,0.6360234022140503,1.4450629949569702
7.1518189907073975,503.3684444024105,124.14627885818481,0.5649999976158142,1.8728827238082886,377,0.6354296803474426,1.4472012519836426
9.693627834320068,371.37798784210406,123.43394494056702,0.625,1.5606751441955566,378,0.6362686157226562,1.438496708869934
8.366010904312134,430.31261149139004,122.44635844230652,0.574999988079071,1.7063990831375122,379,0.640243649482727,1.4245593547821045
8.558032512664795,420.65743436618874,122.22725892066956,0.6349999904632568,1.5738818645477295,380,0.643521785736084,1.4131630659103394
8.661860942840576,415.6150766857513,121.26464104652405,0.5600000023841858,1.6554089784622192,381,0.6460255980491638,1.3992196321487427
10.013864278793335,359.5015769909953,122.18198418617249,0.5849999785423279,1.5377806425094604,382,0.6488777995109558,1.3763023614883423
8.342459440231323,431.527420156109,125.3082480430603,0.5950000286102295,1.6241347789764404,383,0.6458706855773926,1.3771792650222778
7.531961679458618,477.96313274110554,117.57228136062622,0.5699999928474426,1.6030113697052002,384,0.6450705528259277,1.3772104978561401
8.601532220840454,418.5300836608672,124.6818151473999,0.6100000143051147,1.5282896757125854,385,0.6498328447341919,1.3664947748184204
9.846393823623657,365.6160889444429,122.19513201713562,0.6050000190734863,1.5042096376419067,386,0.6549694538116455,1.376583456993103
9.819341897964478,366.6233478178686,120.9405665397644,0.6050000190734863,1.5612173080444336,387,0.652168869972229,1.401850700378418
9.314250707626343,386.50452011694125,126.00661659240723,0.5899999737739563,1.7085322141647339,388,0.6494585871696472,1.4005261659622192
10.084298133850098,356.9906355620161,123.56999111175537,0.5299999713897705,1.6930383443832397,389,0.6473420262336731,1.3940623998641968
8.638860702514648,416.7216168854409,121.03065586090088,0.6399999856948853,1.4431315660476685,390,0.6456125974655151,1.3883289098739624
8.538199186325073,421.63457673438006,120.17217659950256,0.675000011920929,1.4009149074554443,391,0.6418569087982178,1.3821178674697876
8.167746543884277,440.75804515451745,125.42099666595459,0.6349999904632568,1.5247504711151123,392,0.6399468183517456,1.374078392982483
8.196693181991577,439.2015072504271,120.41057682037354,0.6299999952316284,1.485505223274231,393,0.6369784474372864,1.3696956634521484
9.516260147094727,378.29987246608266,123.66696453094482,0.5699999928474426,1.6142228841781616,394,0.6402952671051025,1.3608100414276123
9.050667524337769,397.76071657912433,123.9307062625885,0.6349999904632568,1.2703828811645508,395,0.6450705528259277,1.3525787591934204
9.513051509857178,378.4274684384683,126.04162502288818,0.6349999904632568,1.4115219116210938,396,0.6460384726524353,1.3454155921936035
6.038180828094482,596.206059820186,122.0718846321106,0.6949999928474426,1.3426982164382935,397,0.6451350450515747,1.3422455787658691
9.810964345932007,366.936406357719,121.15483450889587,0.6349999904632568,1.2899270057678223,398,0.6465030908584595,1.3388803005218506
8.693273305892944,414.11328889886084,123.472416639328,0.5199999809265137,1.866976022720337,399,0.6488649249076843,1.337014079093933
9.789795160293579,367.72985961966157,120.34572982788086,0.6200000047683716,1.501904010772705,400,0.6535885334014893,1.3311107158660889
9.968996047973633,361.11961351732714,123.94484400749207,0.6850000023841858,1.3251723051071167,401,0.6590477824211121,1.3146083354949951
9.778576612472534,368.1517405517092,120.53903031349182,0.5649999976158142,1.5853064060211182,402,0.665010392665863,1.3015389442443848
9.171621799468994,392.5150947903704,122.33952188491821,0.6499999761581421,1.4785493612289429,403,0.6697081923484802,1.2881296873092651
8.375212669372559,429.83983119197603,120.9216890335083,0.7099999785423279,1.1308192014694214,404,0.6707148551940918,1.2774063348770142
8.028084754943848,448.42575905580117,131.28474617004395,0.6549999713897705,1.2697948217391968,405,0.670973002910614,1.273781418800354
8.243612051010132,436.7017731697931,118.38502931594849,0.5799999833106995,1.506900429725647,406,0.6696436405181885,1.2747231721878052
9.536247730255127,377.50697148716876,126.52325201034546,0.6949999928474426,1.1447969675064087,407,0.6692306995391846,1.2695521116256714
8.178733825683594,440.1659323714579,122.78515148162842,0.6399999856948853,1.3231526613235474,408,0.6686885952949524,1.2660331726074219
9.451537132263184,380.8904255066895,118.85820078849792,0.574999988079071,1.5443037748336792,409,0.6664042472839355,1.2737298011779785
7.813129425048828,460.7628779907868,122.6646933555603,0.5249999761581421,1.6885666847229004,410,0.6633583903312683,1.286417841911316
9.9590585231781,361.47995230890365,121.44078135490417,0.6050000190734863,1.6073781251907349,411,0.6623130440711975,1.2934037446975708
8.876248598098755,405.57674339710366,123.98774361610413,0.5899999737739563,1.5454233884811401,412,0.6630357503890991,1.2904990911483765
9.587447166442871,375.49098706905,120.67517733573914,0.6000000238418579,1.3925586938858032,413,0.6621581315994263,1.2770028114318848
9.166328430175781,392.74176431958415,125.99266266822815,0.6100000143051147,1.50931978225708,414,0.659292995929718,1.2718045711517334
8.77559208869934,410.22873027973293,125.00842595100403,0.6349999904632568,1.4282896518707275,415,0.6613192558288574,1.2637678384780884
8.764848470687866,410.73157306020966,123.97654986381531,0.6399999856948853,1.4141688346862793,416,0.6628679633140564,1.267827033996582
8.610143661499023,418.1114905315344,122.72577381134033,0.5600000023841858,1.4869418144226074,417,0.6602480411529541,1.2900410890579224
9.489872217178345,379.35178868724535,123.98730087280273,0.574999988079071,1.6079537868499756,418,0.6616935133934021,1.287185549736023
8.689359664916992,414.2998033025245,120.51107001304626,0.5950000286102295,1.5212690830230713,419,0.6682111024856567,1.2543764114379883
9.069961547851562,396.9145823835104,118.71492719650269,0.7049999833106995,1.247783899307251,420,0.6651394367218018,1.2486261129379272
9.235989809036255,389.77955524353786,123.38880848884583,0.6499999761581421,1.2274659872055054,421,0.6608675718307495,1.2553534507751465
9.58556342124939,375.5647781766774,126.63410353660583,0.6100000143051147,1.4630671739578247,422,0.6691790223121643,1.2373147010803223
9.383685111999512,383.6445870712831,123.95573711395264,0.699999988079071,1.1867793798446655,423,0.6759805083274841,1.234121322631836
8.407075643539429,428.210730180177,118.5489068031311,0.6299999952316284,1.3981131315231323,424,0.6774905323982239,1.2502663135528564
13.900723218917847,258.9793310250699,124.32957863807678,0.675000011920929,1.1616538763046265,425,0.6748319268226624,1.2643200159072876
7.656860828399658,470.1665709591364,122.3749771118164,0.5849999785423279,1.5744073390960693,426,0.6772969365119934,1.2340210676193237
8.776401042938232,410.1909179385863,121.84291911125183,0.5400000214576721,1.734724760055542,427,0.6745092272758484,1.2217836380004883
8.276878595352173,434.9465753939603,118.81301999092102,0.6800000071525574,1.202970266342163,428,0.6631003022193909,1.242296814918518
8.855575561523438,406.52354835541445,122.77245831489563,0.5600000023841858,1.8115311861038208,429,0.6667914390563965,1.230857014656067
9.238604068756104,389.66925881960736,121.8365375995636,0.699999988079071,1.171471118927002,430,0.6733477115631104,1.2185920476913452
9.804861545562744,367.16479710304566,120.1223042011261,0.6449999809265137,1.3303147554397583,431,0.6748060584068298,1.228319525718689
9.311995506286621,386.5981247058811,125.16913771629333,0.6349999904632568,1.3213845491409302,432,0.6722636222839355,1.2520242929458618
9.41660189628601,382.30351454274296,122.164968252182,0.7049999833106995,1.1717339754104614,433,0.6712310910224915,1.2574354410171509
9.701749801635742,371.0670831145357,122.14541482925415,0.5600000023841858,1.6863876581192017,434,0.6765096783638,1.2296284437179565
11.436980485916138,314.7683957695963,120.50601387023926,0.5950000286102295,1.7190481424331665,435,0.6778519153594971,1.2088522911071777
9.034547328948975,398.47043453573923,120.46636652946472,0.625,1.296277642250061,436,0.678239107131958,1.200406789779663
7.455151796340942,482.8875519029557,123.97834968566895,0.6299999952316284,1.3696107864379883,437,0.6811558604240417,1.1927119493484497
8.288378238677979,434.34311228709214,119.343754529953,0.6299999952316284,1.2538974285125732,438,0.6870281100273132,1.1891145706176758
8.106077909469604,444.111201521323,124.27748537063599,0.6449999809265137,1.3952751159667969,439,0.6874927282333374,1.199343204498291
8.655149936676025,415.93733515176575,119.84867858886719,0.6600000262260437,1.324863076210022,440,0.6870668530464172,1.1985727548599243
9.574195146560669,376.01071890551816,122.01953101158142,0.6800000071525574,1.2519384622573853,441,0.6855826377868652,1.1923038959503174
8.600453853607178,418.58256102264863,123.09974455833435,0.6600000262260437,1.2809455394744873,442,0.6846792101860046,1.1846530437469482
8.409292697906494,428.09783525506555,124.21510457992554,0.6100000143051147,1.448683261871338,443,0.6833369731903076,1.1753535270690918
8.747368812561035,411.552328150435,121.2665102481842,0.7749999761581421,0.8922947645187378,444,0.6790134906768799,1.1775438785552979
14.715984344482422,244.63195364500206,124.12118744850159,0.6150000095367432,1.4506704807281494,445,0.6754255890846252,1.1822185516357422
7.135571718215942,504.51458441792283,121.76774907112122,0.7149999737739563,1.1954905986785889,446,0.6737993955612183,1.1862820386886597
7.9290289878845215,454.02785202333916,122.31251859664917,0.6200000047683716,1.3664391040802002,447,0.6802008152008057,1.1741843223571777
9.349740505218506,385.0374240858,123.43817782402039,0.625,1.4195644855499268,448,0.6834660768508911,1.1752933263778687
8.778305768966675,410.10191428132134,120.5150511264801,0.7200000286102295,1.1719810962677002,449,0.682717502117157,1.1878196001052856
9.220603466033936,390.42997709004294,122.19432258605957,0.6200000047683716,1.4050885438919067,450,0.6830014586448669,1.1928606033325195
8.831239700317383,407.64378752743187,118.322026014328,0.6600000262260437,1.2211060523986816,451,0.6858278512954712,1.1748446226119995
7.971802234649658,451.5917347212279,123.2689356803894,0.5849999785423279,1.4834283590316772,452,0.6894157528877258,1.1538044214248657
9.030556201934814,398.64654175217834,119.72993731498718,0.6600000262260437,1.2029047012329102,453,0.6892995834350586,1.1408185958862305
8.256966590881348,435.99546641931323,123.79542970657349,0.6100000143051147,1.537333369255066,454,0.6875701546669006,1.1414941549301147
13.208266258239746,272.55658915523475,118.94805264472961,0.5849999785423279,1.5593371391296387,455,0.692487359046936,1.1313434839248657
8.623718023300171,417.45335251839936,122.22539567947388,0.6200000047683716,1.4365882873535156,456,0.6909902691841125,1.147238850593567
6.943518877029419,518.4691024473968,118.97812700271606,0.6100000143051147,1.4340522289276123,457,0.6867958307266235,1.1703966856002808
8.653007745742798,416.0403071141555,123.35419726371765,0.6050000190734863,1.3955562114715576,458,0.6834143996238708,1.1828535795211792
8.245486974716187,436.60247248452094,121.38241648674011,0.6899999976158142,1.2190178632736206,459,0.6820464134216309,1.1741870641708374
9.018969535827637,399.1586827851106,122.31541919708252,0.5550000071525574,1.7038055658340454,460,0.6803298592567444,1.1603668928146362
7.489701747894287,480.6599943732248,122.34126567840576,0.5899999737739563,1.532852053642273,461,0.6784197688102722,1.1598436832427979
8.606065511703491,418.30962070929127,120.29726433753967,0.7099999785423279,1.01241934299469,462,0.6790779829025269,1.1586766242980957
9.267857313156128,388.43929922072095,122.68513178825378,0.5450000166893005,1.6020746231079102,463,0.6818140745162964,1.154435634613037
9.957090377807617,361.551403412355,121.55488538742065,0.6499999761581421,1.307708740234375,464,0.6860730648040771,1.1504530906677246
15.268476247787476,235.77991291185123,125.14967036247253,0.6549999713897705,1.3521902561187744,465,0.6891705393791199,1.1546046733856201
10.04342770576477,358.44336271108483,120.05488514900208,0.6449999809265137,1.5868600606918335,466,0.6917388439178467,1.166947364807129
8.809273719787598,408.660249926574,124.52460408210754,0.675000011920929,1.1807448863983154,467,0.6956106424331665,1.1695350408554077
5.0647735595703125,710.7918957595842,121.70220708847046,0.6449999809265137,1.4310857057571411,468,0.7009021043777466,1.1546649932861328
9.296911001205444,387.2253912652516,121.83085608482361,0.6899999976158142,1.1735472679138184,469,0.7020766139030457,1.141589641571045
9.549581527709961,376.9798696994106,119.46465539932251,0.6600000262260437,1.4085556268692017,470,0.6986693739891052,1.1385447978973389
8.864611864089966,406.109151217708,123.98267793655396,0.6299999952316284,1.3782858848571777,471,0.6976627111434937,1.1364448070526123
8.969958782196045,401.33963682703126,122.02285766601562,0.6499999761581421,1.4220730066299438,472,0.6974562406539917,1.1328171491622925
9.576420068740845,375.9233590588874,117.99870610237122,0.6549999713897705,1.2437537908554077,473,0.6977143287658691,1.1343371868133545
8.92152214050293,403.5185861004946,125.32947206497192,0.6600000262260437,1.182417631149292,474,0.6989791393280029,1.1372990608215332
12.181550979614258,295.5288703404497,119.38751411437988,0.7350000143051147,1.0423989295959473,475,0.6991081833839417,1.1327595710754395
8.653193950653076,416.03135449521506,122.19642376899719,0.5950000286102295,1.6114250421524048,476,0.6994308233261108,1.1234616041183472
10.188814640045166,353.32863803909987,121.38773274421692,0.6850000023841858,1.2323894500732422,477,0.7003084421157837,1.1096323728561401
9.40362024307251,382.8312827341215,122.75598573684692,0.5899999737739563,1.4461207389831543,478,0.6989791393280029,1.0959932804107666
10.344747304916382,348.0027006835717,118.6686098575592,0.625,1.366449236869812,479,0.6969399452209473,1.0925283432006836
8.814740180969238,408.406819269874,124.13395428657532,0.6399999856948853,1.221207618713379,480,0.6974562406539917,1.0900033712387085
9.68265151977539,371.79898426040944,122.87358951568604,0.6000000238418579,1.400795340538025,481,0.6986823081970215,1.086116909980774
8.475622177124023,424.74757897025137,120.15066051483154,0.6299999952316284,1.3280348777770996,482,0.7019475102424622,1.0861866474151611
8.537015438079834,421.6930408655464,122.39721322059631,0.6549999713897705,1.214719295501709,483,0.702721893787384,1.0968257188796997
8.41148567199707,427.9862250713769,122.35781526565552,0.6700000166893005,1.2930434942245483,484,0.702579915523529,1.105069875717163
10.663717031478882,337.5933541159184,125.88403534889221,0.6399999856948853,1.3476752042770386,485,0.7020636796951294,1.1067287921905518
9.967557668685913,361.1717252772726,123.40079951286316,0.675000011920929,1.1641799211502075,486,0.700218141078949,1.105194091796875
8.849088191986084,406.8215754997486,120.9455955028534,0.6200000047683716,1.3351199626922607,487,0.6973142623901367,1.1045960187911987
9.404546022415161,382.79359699230776,119.2932243347168,0.6499999761581421,1.3235740661621094,488,0.6953138113021851,1.105918049812317
9.498626947402954,379.00214630329134,125.2160997390747,0.6399999856948853,1.3319506645202637,489,0.695597767829895,1.1059383153915405
8.464032411575317,425.3291841222961,119.78108787536621,0.7200000286102295,1.0636262893676758,490,0.6971593499183655,1.1059948205947876
9.017784833908081,399.2111218337697,125.81968927383423,0.6850000023841858,1.2673419713974,491,0.7008118033409119,1.1082788705825806
7.610103607177734,473.05532037757473,121.52747464179993,0.6050000190734863,1.618308663368225,492,0.703005850315094,1.1161093711853027
9.290333271026611,387.4995541039604,119.86624574661255,0.6650000214576721,1.305930495262146,493,0.703109085559845,1.1243910789489746
7.533424615859985,477.8703157686059,123.44374012947083,0.625,1.2575793266296387,494,0.7024895548820496,1.128808617591858
9.428963899612427,381.80228902435147,123.71672654151917,0.5649999976158142,1.6843677759170532,495,0.7028122544288635,1.1200414896011353
11.42402720451355,315.1252999973307,121.1368293762207,0.6499999761581421,1.3341695070266724,496,0.7039479613304138,1.105767011642456
8.622828483581543,417.4964174289964,122.10679721832275,0.6349999904632568,1.3632421493530273,497,0.7057676911354065,1.0896661281585693
9.050686120986938,397.7598992911971,125.25391721725464,0.7350000143051147,1.0217409133911133,498,0.7061548829078674,1.0760343074798584
7.7916789054870605,462.0313598221823,122.14407563209534,0.6200000047683716,1.3994123935699463,499,0.7059096693992615,1.0677372217178345
9.047893762588501,397.88265583813404,123.48140931129456,0.6650000214576721,1.2814760208129883,500,0.7057806253433228,1.0623655319213867
7.3824663162231445,487.64191339267126,122.07577967643738,0.6050000190734863,1.4154021739959717,501,0.7079746723175049,1.0563569068908691
9.675894498825073,372.058624702568,122.8702552318573,0.6850000023841858,1.0750095844268799,502,0.7095491886138916,1.0559837818145752
8.08145809173584,445.4641673736312,124.5297954082489,0.6700000166893005,1.2448527812957764,503,0.7120271325111389,1.0608813762664795
8.576636791229248,419.7449522033484,117.62040305137634,0.6650000214576721,1.2128709554672241,504,0.7136920094490051,1.059822678565979
