"round_num","validation/validation_time_in_seconds","sparse_categorical_accuracy","validation/sparse_categorical_accuracy","train_step_time_in_seconds","train_steps_per_hour","validation/loss","loss"
0.0,18.872270107269287,"",0.004400965292006731,"","",4.137057304382324,""
1,18.375502586364746,0.04690522328019142,0.02147567830979824,7.920621871948242,454.50976680881564,4.055331707000732,4.037675380706787
2,18.389702320098877,0.056716419756412506,0.0556638240814209,3.0987539291381836,1161.7573006196144,3.9475960731506348,3.9845669269561768
3,18.321709156036377,0.054630592465400696,0.058980681002140045,2.906139850616455,1238.7566273647712,3.856445074081421,3.900993824005127
4,18.16616940498352,0.058465857058763504,0.05565091595053673,3.2224016189575195,1117.179180528291,3.7927303314208984,3.8975143432617188
5,18.304179430007935,0.04961240291595459,0.05565091595053673,2.7959163188934326,1287.5921842413395,3.750779628753662,3.83854079246521
6,18.08541226387024,0.06368330121040344,0.05565091595053673,2.8248515129089355,1274.4032681182746,3.7285969257354736,3.8002781867980957
7,18.127864122390747,0.04847058653831482,0.05596066266298294,2.9208621978759766,1232.5127842792058,3.722132682800293,3.794154167175293
8,17.859673500061035,0.05134135112166405,0.053289107978343964,3.245567560195923,1109.2050722193812,3.731281280517578,3.82366681098938
9,17.99068832397461,0.05225653201341629,0.053289107978343964,2.8185853958129883,1277.236448236695,3.7298178672790527,3.789877414703369
10,18.016273498535156,0.04830917716026306,0.053289107978343964,2.6791141033172607,1343.7277626744249,3.726921558380127,3.7700765132904053
11,17.966389417648315,0.05841371789574623,0.06667269021272659,2.853734016418457,1261.5050944790344,3.722036600112915,3.7338178157806396
12,17.99307417869568,0.05079365149140358,0.05552185699343681,2.8248867988586426,1274.387349416809,3.7045421600341797,3.7170681953430176
13,17.90806818008423,0.0564153753221035,0.05214047059416771,3.130403995513916,1150.0113100925782,3.68414044380188,3.740324020385742
14,17.84241819381714,0.05771873518824577,0.05214047059416771,3.239466428756714,1111.2941217858697,3.6721413135528564,3.738173007965088
15,17.861216068267822,0.055532004684209824,0.05214047059416771,3.0905065536499023,1164.8575848345583,3.673349380493164,3.784494638442993
16,17.866304874420166,0.05584016442298889,0.05828375369310379,2.7636215686798096,1302.6385525423914,3.6770284175872803,3.706307888031006
17,17.832587480545044,0.05768274515867233,0.10129964351654053,2.923644781112671,1231.3397384171699,3.6729896068573,3.7018468379974365
18,17.84129762649536,0.06270810216665268,0.07260947674512863,3.0954995155334473,1162.9786992163727,3.670714855194092,3.6403253078460693
19,17.86645746231079,0.06810709089040756,0.06179419904947281,2.8955583572387695,1243.2835245748568,3.665774345397949,3.637619972229004
20,17.807804107666016,0.07944250851869583,0.06081334128975868,2.323686361312866,1549.26243917274,3.6563491821289062,3.64689564704895
21,17.748977184295654,0.06953223794698715,0.06050359457731247,3.206672430038452,1122.6591048954854,3.6540205478668213,3.712763786315918
22,17.95805835723877,0.06327372789382935,0.0926525816321373,2.9387454986572266,1225.0125101492845,3.6568353176116943,3.6927664279937744
23,17.873239278793335,0.08502993732690811,0.17490288615226746,2.740405321121216,1313.674284695626,3.6505849361419678,3.52647066116333
24,18.049787282943726,0.06597845256328583,0.18685388565063477,3.209759473800659,1121.579367359031,3.6308484077453613,3.650907039642334
25,18.018216848373413,0.08140064030885696,0.18438883125782013,3.145512819290161,1144.4874673289048,3.6122753620147705,3.648501396179199
26,17.706581115722656,0.08440276235342026,0.2030768096446991,2.9093823432922363,1237.3760390414227,3.589428186416626,3.561619758605957
27,17.85096836090088,0.11015325784683228,0.22857917845249176,3.194531202316284,1126.9259155740033,3.5659890174865723,3.582791328430176
28,17.95937991142273,0.12009106576442719,0.2698011100292206,2.8456718921661377,1265.0790872659827,3.53735089302063,3.5041232109069824
29,17.909265518188477,0.11947791278362274,0.2973039150238037,3.274907350540161,1099.267739408328,3.509687662124634,3.5905845165252686
30,17.86888337135315,0.12639866769313812,0.3236064612865448,3.1765570640563965,1133.3024804543809,3.465449571609497,3.49226975440979
31,17.76775097846985,0.14338919520378113,0.3338925838470459,2.5013272762298584,1439.235894563195,3.409478187561035,3.384237289428711
32,17.811360120773315,0.16240209341049194,0.3263554573059082,2.8515264987945557,1262.4816923573571,3.3523476123809814,3.4407148361206055
33,17.982638359069824,0.21125908195972443,0.32547783851623535,2.774199962615967,1297.6714182510962,3.2920961380004883,3.247002363204956
34,17.817488193511963,0.22234763205051422,0.31992822885513306,2.7128758430480957,1327.0050707352539,3.2322628498077393,3.2540388107299805
35,17.76703667640686,0.2246759533882141,0.3294787108898163,3.137366771697998,1147.4590833546747,3.1384503841400146,3.2335987091064453
36,17.807880401611328,0.2696078419685364,0.3442303538322449,2.7169268131256104,1325.026490448038,3.045670747756958,3.122786045074463
37,17.73208785057068,0.2948898375034332,0.36333131790161133,3.1953651905059814,1126.6317886594818,2.947779417037964,3.0138676166534424
38,17.74308943748474,0.2771792411804199,0.39079540967941284,2.9002857208251953,1241.2570162141544,2.847229480743408,3.1010634899139404
39,17.776152849197388,0.3035527765750885,0.415265291929245,2.8773834705352783,1251.1366791616042,2.740217924118042,2.8766729831695557
40,17.726837396621704,0.32246848940849304,0.4310106635093689,3.0432517528533936,1182.9451824432836,2.6390907764434814,2.8426754474639893
41,18.002028703689575,0.3356907069683075,0.4417484998703003,2.9269587993621826,1229.945566977055,2.5441722869873047,2.8041157722473145
42,17.693430423736572,0.39037975668907166,0.44920819997787476,2.848705530166626,1263.7318816836184,2.449376106262207,2.6502554416656494
43,17.777888774871826,0.4094145596027374,0.460823655128479,3.389927864074707,1061.9695003399822,2.3603532314300537,2.4659359455108643
44,17.66173553466797,0.4080348610877991,0.4804537892341614,2.844611167907715,1265.550821361604,2.273717164993286,2.4872989654541016
45,17.742831468582153,0.4415968358516693,0.4959539473056793,3.1106295585632324,1157.3219929353475,2.205888032913208,2.388585329055786
46,17.541872024536133,0.4497690498828888,0.5091181397438049,2.839435577392578,1267.8576082736272,2.1523916721343994,2.44651198387146
47,17.631361484527588,0.47433629631996155,0.5170682668685913,2.632444143295288,1367.5503843715096,2.112022638320923,2.352491617202759
48,17.64923930168152,0.5145733952522278,0.5235857963562012,3.239678144454956,1111.2214977780345,2.072732448577881,2.1216273307800293
49,17.536402225494385,0.5399590134620667,0.5331363081932068,3.0114333629608154,1195.4440182134765,2.020920753479004,2.0633492469787598
50,17.533762216567993,0.47408995032310486,0.5443129539489746,3.125211477279663,1151.9220462909652,1.958227276802063,2.1853718757629395
51,17.544191122055054,0.5342696905136108,0.5558122396469116,2.712587833404541,1327.1459658070046,1.8876019716262817,2.053013324737549
52,17.53353261947632,0.5161579847335815,0.5678148865699768,3.1471996307373047,1143.874053885999,1.8227139711380005,1.9874267578125
53,17.5469069480896,0.5424151420593262,0.5734547972679138,2.9691004753112793,1212.4884388166681,1.7779440879821777,1.9403456449508667
54,17.611125707626343,0.5645009279251099,0.5778041481971741,3.0868427753448486,1166.2401560435237,1.7412015199661255,1.8127015829086304
55,17.588987350463867,0.5535638332366943,0.5807725787162781,3.5489017963409424,1014.3983143494537,1.7172061204910278,1.7835094928741455
56,17.549596309661865,0.5337457656860352,0.5883097052574158,2.81508469581604,1278.8247562677427,1.6769949197769165,2.000303268432617
57,17.60554337501526,0.5935280323028564,0.5952789783477783,3.300098419189453,1090.876556610153,1.6389989852905273,1.6788930892944336
58,17.579575777053833,0.538388192653656,0.602712869644165,3.179640531539917,1132.2034564254661,1.6021236181259155,1.8770338296890259
59,17.56623864173889,0.5648975372314453,0.6145089864730835,3.08182954788208,1168.1372847093444,1.5610013008117676,1.7901818752288818
60,17.60542106628418,0.6050500273704529,0.6248209476470947,2.989305257797241,1204.2932017765115,1.5208882093429565,1.6323038339614868
61,17.526241540908813,0.6086486577987671,0.6301124095916748,2.934297561645508,1226.8694378702264,1.4889898300170898,1.6559160947799683
62,17.560550928115845,0.589540421962738,0.6297768354415894,2.9657976627349854,1213.8387069467744,1.4696314334869385,1.7123185396194458
63,17.507272720336914,0.559628963470459,0.6368493437767029,3.4387073516845703,1046.9050232600966,1.4379639625549316,1.7982635498046875
64,17.548691272735596,0.5940493941307068,0.6460900902748108,2.99934983253479,1200.260123360666,1.397337555885315,1.6327725648880005
65,17.562034606933594,0.645581841468811,0.6532271504402161,3.0926787853240967,1164.0394136899472,1.3597100973129272,1.456485629081726
66,17.645269870758057,0.6092504262924194,0.6576281189918518,3.009849786758423,1196.0729787373086,1.334841251373291,1.5596483945846558
67,17.664597034454346,0.6093669533729553,0.6572022438049316,2.7860734462738037,1292.1410972904432,1.3227652311325073,1.6047857999801636
68,17.73598337173462,0.6413478255271912,0.656789243221283,2.749927043914795,1309.1256395206185,1.3130826950073242,1.443634033203125
69,17.649473905563354,0.6306122541427612,0.6631131768226624,2.9043869972229004,1239.5042408061413,1.2835911512374878,1.4352809190750122
70,17.93205714225769,0.678045928478241,0.6691790223121643,2.9396860599517822,1224.6205637547052,1.251951813697815,1.3376340866088867
71,17.59671926498413,0.6474464535713196,0.6754642724990845,2.918771266937256,1233.3957240087454,1.2242074012756348,1.4633344411849976
72,17.664565324783325,0.6578366160392761,0.680988073348999,2.96578049659729,1213.8457327271403,1.2007790803909302,1.3770713806152344
73,17.565617084503174,0.6513809561729431,0.682678759098053,2.964571475982666,1214.340767009744,1.1878504753112793,1.429788589477539
74,17.695971488952637,0.6292300224304199,0.6890931129455566,3.0295121669769287,1188.3101309978717,1.159008264541626,1.440093994140625
75,17.577702283859253,0.6927469968795776,0.6948491930961609,2.6849989891052246,1340.7826277058298,1.1331214904785156,1.2379508018493652
76,17.54764175415039,0.6507766246795654,0.6984370946884155,2.7311971187591553,1318.1033237306435,1.1155974864959717,1.3942275047302246
77,17.517043113708496,0.6963894963264465,0.7024508714675903,2.9035441875457764,1239.864030808122,1.1047781705856323,1.1991198062896729
78,17.659400463104248,0.6582964062690735,0.7035995125770569,2.8037524223327637,1283.9935407009818,1.0998817682266235,1.3227272033691406
79,17.562268018722534,0.6609480977058411,0.7035995125770569,3.5998191833496094,1000.0502293701937,1.0928187370300293,1.3000926971435547
80,17.559852361679077,0.6534402966499329,0.704554557800293,3.308108329772949,1088.2352211987825,1.083378791809082,1.327688217163086
81,17.55082392692566,0.6870379447937012,0.7041803002357483,2.9131133556365967,1235.7912516635656,1.0754773616790771,1.1806703805923462
82,17.508715629577637,0.6899779438972473,0.7063742876052856,2.741454839706421,1313.1713672093608,1.0645662546157837,1.2025072574615479
83,17.617838144302368,0.6879739761352539,0.7109301686286926,3.0161538124084473,1193.5730814488345,1.0435751676559448,1.1849606037139893
84,17.59444808959961,0.6543658971786499,0.7163636088371277,2.8021206855773926,1284.741238494587,1.021740198135376,1.3531897068023682
85,17.487298488616943,0.7102371454238892,0.7217583060264587,2.766407012939453,1301.3269497805425,1.0037630796432495,1.1345138549804688
86,17.553667306900024,0.6802757382392883,0.7209710478782654,2.790201187133789,1290.2295420847663,0.9999195337295532,1.1659655570983887
87,17.651143312454224,0.7108362913131714,0.7163248658180237,2.9884636402130127,1204.6323574287817,1.0068737268447876,1.1293790340423584
88,17.614872217178345,0.6769779920578003,0.7125433683395386,2.553541660308838,1409.806644613191,1.0147132873535156,1.212435007095337
89,17.631444931030273,0.7355623245239258,0.7219260931015015,3.0712506771087646,1172.1609137385663,0.9819915294647217,0.9805529117584229
90,17.6608567237854,0.7346153855323792,0.7257333993911743,3.481325387954712,1034.0889169555649,0.9605408310890198,0.97735595703125
91,17.54964852333069,0.7128027677536011,0.7201321721076965,2.8496108055114746,1263.3304144682445,0.9640792012214661,1.0524160861968994
92,17.68427038192749,0.7197285890579224,0.715911865234375,3.0419559478759766,1183.449090547703,0.9753738045692444,0.9946563243865967
93,17.509528636932373,0.73084557056427,0.7105042338371277,3.1919779777526855,1127.8273299788184,0.9900618195533752,0.9569631218910217
94,17.54306387901306,0.7197827100753784,0.7109559774398804,3.2027182579040527,1124.0451735382867,0.9869157075881958,1.0260344743728638
95,17.56323742866516,0.7305439114570618,0.7165313959121704,3.249002456665039,1108.0324031811429,0.9624106884002686,0.9642779231071472
96,18.041631937026978,0.7048583030700684,0.7256559729576111,3.2172091007232666,1118.982287844044,0.9294587969779968,1.108779788017273
97,17.597232818603516,0.6953500509262085,0.733128547668457,2.7508151531219482,1308.7029842460686,0.907203733921051,1.0776855945587158
98,17.592610120773315,0.7272727489471436,0.7401236295700073,3.0202383995056152,1191.9588866194426,0.8903065919876099,0.9861059784889221
99,17.573986530303955,0.697282075881958,0.7425112724304199,3.097990036010742,1162.0437632639039,0.883266031742096,1.1192231178283691
100,17.706974506378174,0.7262918949127197,0.7411948442459106,2.783482551574707,1293.3438357511393,0.8882737755775452,0.9978248476982117
101,17.593626499176025,0.7202835083007812,0.7405882477760315,2.998936891555786,1200.4253941243808,0.8916642665863037,1.0440986156463623
102,17.582048416137695,0.7154384255409241,0.740330159664154,3.030120849609375,1188.07142641327,0.891259491443634,1.044051170349121
103,17.529566526412964,0.7193877696990967,0.7415174841880798,3.087716817855835,1165.9100274940056,0.8862343430519104,1.0120145082473755
104,17.55475950241089,0.7216494679450989,0.7425628900527954,2.8493850231170654,1263.4305194956785,0.8776063919067383,1.0576534271240234
105,17.53522777557373,0.7066043019294739,0.7449892163276672,2.6729321479797363,1346.8355351709781,0.8652206659317017,1.1008589267730713
106,17.670058965682983,0.7191780805587769,0.7488352060317993,3.368492364883423,1068.7273741600388,0.8490108251571655,1.0054782629013062
107,17.644509077072144,0.7174496650695801,0.7512744665145874,2.5108537673950195,1433.7752547552607,0.8421332240104675,1.091748833656311
108,17.601638078689575,0.7067607045173645,0.7529909610748291,3.20660400390625,1122.6830614614462,0.8370519876480103,1.099217176437378
109,17.727758169174194,0.7143444418907166,0.7543461322784424,3.1530797481536865,1141.7408652946413,0.8294835090637207,0.9955812096595764
110,17.612849712371826,0.7156756520271301,0.7519197463989258,3.0557570457458496,1178.1041313516178,0.8294164538383484,1.0486888885498047
111,17.595780849456787,0.7470253705978394,0.7515971064567566,2.7691354751586914,1300.0447368121972,0.8240271806716919,0.9452195167541504
112,17.874459743499756,0.6951923370361328,0.7517262101173401,2.997128963470459,1201.1495147113924,0.8180003762245178,1.1119986772537231
113,17.687536478042603,0.743048906326294,0.7482931613922119,3.0360662937164307,1185.7448592116418,0.8260622620582581,0.9141832590103149
114,17.634575843811035,0.7694346308708191,0.7429242730140686,3.2469065189361572,1108.7476584264375,0.8455635905265808,0.8319936990737915
115,17.644602298736572,0.7290117144584656,0.7468348145484924,2.7693567276000977,1299.940872232712,0.8364977836608887,0.9792342782020569
116,17.72438359260559,0.7421829104423523,0.7577275037765503,3.241039276123047,1110.7548206902152,0.8039438128471375,0.9222404360771179
117,17.58770728111267,0.7282700538635254,0.7630835175514221,3.27158522605896,1100.3839885707814,0.7932654619216919,0.9504404067993164
118,17.57945966720581,0.7234453558921814,0.765445351600647,3.3875513076782227,1062.714531242742,0.7877564430236816,0.9800611138343811
119,17.589202642440796,0.7555910348892212,0.7670456767082214,2.7473580837249756,1310.349757945997,0.7817033529281616,0.897005021572113
120,17.652546405792236,0.7799999713897705,0.7648645639419556,2.907971143722534,1237.9765211121007,0.7850260734558105,0.8175087571144104
121,17.588963985443115,0.7583379149436951,0.7603603601455688,2.8508920669555664,1262.7626425171534,0.7959283590316772,0.8739954233169556
122,17.612958192825317,0.742292046546936,0.7586825489997864,2.876121997833252,1251.6854301424232,0.7989829778671265,0.9952781796455383
123,17.76846718788147,0.762241542339325,0.7596763372421265,2.728397846221924,1319.4556669896965,0.7956973910331726,0.8716560006141663
124,17.72556495666504,0.7473118305206299,0.7661809921264648,3.1900413036346436,1128.5120339659118,0.7781937122344971,0.9499810338020325
125,17.664412260055542,0.7890797257423401,0.7702850699424744,3.694782018661499,974.3470607514118,0.7663997411727905,0.7736397385597229
126,17.624765872955322,0.7805626392364502,0.7672392725944519,2.942955493927002,1223.2600891956595,0.7708526253700256,0.7806556224822998
127,17.588497400283813,0.754341185092926,0.765548586845398,2.8034861087799072,1284.1155120139833,0.7749585509300232,0.8894223570823669
128,17.527687788009644,0.7505731582641602,0.7659615874290466,2.9665634632110596,1213.5253618013949,0.7728477120399475,0.8777161240577698
129,17.60537099838257,0.7589712738990784,0.7693429589271545,2.560249090194702,1406.1131839817301,0.7607488036155701,0.8806672692298889
130,17.63233780860901,0.7764530777931213,0.7693300247192383,3.4996793270111084,1028.6656757990938,0.7545724511146545,0.8459635376930237
131,17.70385217666626,0.7653958797454834,0.7687105536460876,3.115950584411621,1155.3456649826112,0.752558171749115,0.8724303245544434
132,17.59276819229126,0.7772606611251831,0.7719112634658813,2.7158684730529785,1325.5428367461207,0.7475683093070984,0.8247241377830505
133,17.64110779762268,0.7712655663490295,0.769433319568634,2.812150478363037,1280.1590909514816,0.7557882070541382,0.7729172706604004
134,17.541649341583252,0.7764306664466858,0.7693300247192383,3.074502468109131,1170.9211611770338,0.7579944729804993,0.8011313676834106
135,17.625940561294556,0.7477827072143555,0.7707238793373108,3.2853000164031982,1095.790333310667,0.7533499598503113,0.9109146595001221
136,17.673372268676758,0.7771124243736267,0.7732147574424744,2.531769037246704,1421.9306528509394,0.7443762421607971,0.7976383566856384
137,17.60410976409912,0.7323383092880249,0.7775770425796509,2.870016574859619,1254.3481565698225,0.7295972108840942,0.9267714023590088
138,17.647117853164673,0.7639751434326172,0.779590368270874,3.021360397338867,1191.5162465129229,0.7254200577735901,0.8575793504714966
139,17.568498611450195,0.7568225860595703,0.7739633321762085,2.8760673999786377,1251.7091915254628,0.7361893057823181,0.8408036231994629
140,17.570388078689575,0.7608465552330017,0.7701818346977234,3.0672385692596436,1173.6941612823264,0.744105339050293,0.8132926225662231
141,17.59551453590393,0.7609732747077942,0.7695881724357605,3.0189900398254395,1192.4517645007386,0.7435034513473511,0.8004246950149536
142,17.5576651096344,0.7778313159942627,0.7708529829978943,2.9518091678619385,1219.5910356249624,0.7352073192596436,0.7853251099586487
143,17.606399059295654,0.7759214043617249,0.7752797603607178,2.8321447372436523,1271.1214764763938,0.7205613851547241,0.7814016938209534
144,18.210556030273438,0.7580310702323914,0.7802743911743164,2.9817147254943848,1207.3589633572676,0.7138463258743286,0.8511722683906555
145,17.818315267562866,0.7396392226219177,0.7788159847259521,2.9900918006896973,1203.9764127541573,0.7183083295822144,0.924608051776886
146,17.602782726287842,0.7118186950683594,0.7781577706336975,2.943021774291992,1223.2325399176016,0.7219113707542419,1.0321606397628784
147,17.59068727493286,0.7839506268501282,0.7774092555046082,3.1427783966064453,1145.4832462534616,0.7237275242805481,0.7919673919677734
148,17.56935453414917,0.7433925867080688,0.7717176675796509,3.1763739585876465,1133.3678108860695,0.7372540831565857,0.8918973207473755
149,17.76619577407837,0.7414030432701111,0.7755507826805115,2.352532386779785,1530.2658616860892,0.7290328145027161,0.9416244626045227
150,17.764644861221313,0.7948477864265442,0.7791386246681213,3.172060251235962,1134.9090858527343,0.7216793298721313,0.7027384042739868
151,17.688911199569702,0.758012056350708,0.7797581553459167,3.080955982208252,1168.4684950999292,0.721910834312439,0.8308916091918945
152,17.561282873153687,0.7478668689727783,0.7818102240562439,3.2575459480285645,1105.1263919020653,0.7133117914199829,0.8492214679718018
153,17.80098819732666,0.7767412662506104,0.7814488410949707,2.7384047508239746,1314.634003215476,0.7086541652679443,0.8036223649978638
154,17.72647523880005,0.7688813209533691,0.7796161770820618,3.4123833179473877,1054.981127432503,0.7101091146469116,0.8287375569343567
155,17.621963024139404,0.7502787113189697,0.7801840305328369,2.6234545707702637,1372.2364549819579,0.7080910801887512,0.876522421836853
156,17.648046731948853,0.7845528721809387,0.7808551788330078,3.12396502494812,1152.3816596057397,0.7056176066398621,0.7506068348884583
157,17.611982107162476,0.7339563965797424,0.7863918542861938,2.721987009048462,1322.5632554574422,0.6933374404907227,0.9616110324859619
158,17.544142246246338,0.7927435636520386,0.78834068775177,2.88214111328125,1249.0713877300354,0.6852484345436096,0.6936702728271484
159,17.722147941589355,0.7815384864807129,0.7885987758636475,2.5812301635742188,1394.6838413724001,0.6824319362640381,0.806377112865448
160,17.616045236587524,0.7475218772888184,0.7885600924491882,2.817042112350464,1277.9361672361572,0.6822729706764221,0.8839574456214905
161,17.623006105422974,0.7625516653060913,0.7867274284362793,2.696944236755371,1334.8440620081465,0.6884103417396545,0.8616665005683899
162,17.612813472747803,0.7737832069396973,0.7825974822044373,2.904315948486328,1239.534562992793,0.6972869038581848,0.7956578135490417
163,17.627169847488403,0.7839416265487671,0.7858110666275024,2.949270248413086,1220.6409371732047,0.6890393495559692,0.7074822187423706
164,17.5627920627594,0.7729300856590271,0.7902894616127014,2.976285219192505,1209.5614952443016,0.6765372157096863,0.8029965758323669
165,17.531582593917847,0.7947214245796204,0.7908573746681213,2.877227783203125,1251.2043784007383,0.6709892749786377,0.7296746969223022
166,17.723328113555908,0.7574781179428101,0.7850238084793091,2.903345823287964,1239.9487415946521,0.6846668124198914,0.8710136413574219
167,17.60071086883545,0.798667311668396,0.7822748422622681,3.1001925468444824,1161.2181971291573,0.6958627104759216,0.7286087870597839
168,17.661313772201538,0.7820620536804199,0.7807132005691528,3.2134504318237305,1120.2911251868575,0.7033146023750305,0.7299789190292358
169,17.691098928451538,0.8304482698440552,0.7811132669448853,3.2243943214416504,1116.4887545113943,0.7039493918418884,0.5973833799362183
170,17.82514214515686,0.7573931813240051,0.7844430208206177,2.9683446884155273,1212.7971573010423,0.6937935948371887,0.8957156538963318
171,17.70640468597412,0.7509195804595947,0.7875404953956604,2.890817642211914,1245.3224123972946,0.6836176514625549,0.8589986562728882
172,17.778748750686646,0.7758111953735352,0.7912961840629578,2.6565897464752197,1355.1207915247371,0.6721546053886414,0.7695446014404297
173,17.52982807159424,0.7784342765808105,0.7911025881767273,3.4851491451263428,1032.9543586489735,0.6726657748222351,0.8023461103439331
174,17.574442148208618,0.798701286315918,0.7898635864257812,3.2223434448242188,1117.199349368665,0.6769182085990906,0.7116276025772095
175,17.622268438339233,0.8191227316856384,0.7876179218292236,3.0556206703186035,1178.156711325243,0.6825079321861267,0.6438977122306824
176,17.551703691482544,0.7941662073135376,0.7868694067001343,3.0512683391571045,1179.8372348314929,0.6817244291305542,0.6909984350204468
177,17.68785333633423,0.779355525970459,0.7882245182991028,2.7848620414733887,1292.703173940834,0.6756594181060791,0.8171484470367432
178,17.837692737579346,0.7636262774467468,0.7874243259429932,2.768547296524048,1300.320931674114,0.6731303930282593,0.819180965423584
179,17.867369174957275,0.7954747080802917,0.7858756184577942,3.260171890258789,1104.2362553816865,0.6751245260238647,0.6812622547149658
180,17.725718021392822,0.782092273235321,0.7812294363975525,2.962031602859497,1215.3820359393258,0.6928854584693909,0.7496721744537354
181,17.60857343673706,0.7648316621780396,0.781281054019928,2.7630648612976074,1302.901010550055,0.6927966475486755,0.7660576701164246
182,17.54796051979065,0.7969958782196045,0.7871533036231995,3.060598611831665,1176.240486447036,0.6731466054916382,0.731876015663147
183,17.56724524497986,0.7742946743965149,0.7918511033058167,3.498018741607666,1029.1540057173806,0.6598573327064514,0.732656717300415
184,17.629449605941772,0.7882978916168213,0.7970780730247498,2.8560867309570312,1260.4659238739907,0.6497776508331299,0.7009042501449585
185,17.73171830177307,0.781499981880188,0.797052264213562,3.028604745864868,1188.6661687746778,0.6513723731040955,0.76209557056427
186,17.650110960006714,0.7392417788505554,0.7962391972541809,3.133335828781128,1148.9352551783143,0.6536827683448792,0.9059801697731018
187,17.75187659263611,0.8178808093070984,0.795606791973114,2.9803578853607178,1207.9086265723038,0.654991090297699,0.6214867830276489
188,17.76825451850891,0.7646037936210632,0.7948582172393799,2.8930375576019287,1244.3668387713847,0.659194827079773,0.8287361264228821
189,17.587491035461426,0.8174523711204529,0.793064296245575,2.9638068675994873,1214.654044889164,0.6626789569854736,0.6343545913696289
190,17.626503229141235,0.7989810109138489,0.7940322160720825,3.253809690475464,1106.395377252057,0.6566274166107178,0.7394098043441772
191,17.570536851882935,0.8102799654006958,0.7882632613182068,3.1895906925201416,1128.6714651012444,0.6713369488716125,0.6488056182861328
192,17.789674282073975,0.7759634256362915,0.7867790460586548,2.93371319770813,1227.1138169921944,0.6757319569587708,0.7912829518318176
193,17.64525032043457,0.8087719082832336,0.7853593826293945,3.3070812225341797,1088.5732033038364,0.6798492074012756,0.6630505323410034
194,17.662680625915527,0.7874237298965454,0.7843914031982422,2.972853899002075,1210.9575923688833,0.6833930611610413,0.7355783581733704
195,17.550638675689697,0.7923193573951721,0.7872952818870544,3.071800708770752,1171.9510285029587,0.6735672354698181,0.7170835137367249
196,17.591902017593384,0.7663019895553589,0.790173351764679,3.1049110889434814,1159.4534905748249,0.667978048324585,0.8352600932121277
197,17.58405351638794,0.7880681753158569,0.7926512956619263,2.761183738708496,1303.7886430853196,0.6631546020507812,0.7689777612686157
198,17.58398127555847,0.7885438799858093,0.7957229614257812,3.023723602294922,1190.5850115624658,0.6532973051071167,0.7615349292755127
199,17.62730860710144,0.7861524820327759,0.7979298830032349,3.2124180793762207,1120.6511453512421,0.6457114815711975,0.7327332496643066
200,17.619287490844727,0.7739130258560181,0.7975168824195862,2.638934850692749,1364.1867661321614,0.6456606984138489,0.753273069858551
201,17.68857455253601,0.7560823559761047,0.797155499458313,2.8162598609924316,1278.2911299710045,0.6488866806030273,0.8559868931770325
202,17.538347482681274,0.7931034564971924,0.7935031056404114,3.4296679496765137,1049.6642977754018,0.6616931557655334,0.6921907067298889
203,17.627465963363647,0.75444495677948,0.7882890701293945,3.1232941150665283,1152.629200892058,0.6760741472244263,0.8539189696311951
204,17.616405487060547,0.7644110321998596,0.7889730930328369,2.7606334686279297,1304.0485239749144,0.6710483431816101,0.7982542514801025
205,17.67122721672058,0.801327645778656,0.791580080986023,3.0361487865448,1185.7126422637787,0.6633943319320679,0.6572601199150085
206,17.67055916786194,0.837162435054779,0.7938128113746643,3.247912645339966,1108.4041946649031,0.6595844626426697,0.5589675903320312
207,17.655985116958618,0.7806167602539062,0.7942000031471252,3.2214479446411133,1117.5099091663453,0.6540215611457825,0.7636973261833191
208,17.742624044418335,0.8342465758323669,0.7936063408851624,3.2086784839630127,1121.9572225739705,0.6548792123794556,0.5523479580879211
209,17.823896169662476,0.7880377769470215,0.7952324748039246,3.072392463684082,1171.7253061099061,0.6514868140220642,0.7166687250137329
210,17.705652475357056,0.7815904021263123,0.7988075017929077,2.869433879852295,1254.6028766431486,0.6394670009613037,0.7624250650405884
211,18.244014024734497,0.7519280314445496,0.8020468950271606,2.504600763320923,1437.3548282508127,0.634911835193634,0.8594653606414795
212,17.624101638793945,0.7693498730659485,0.800085186958313,2.981579303741455,1207.4138009619653,0.6407020092010498,0.8222666382789612
213,17.719885110855103,0.7443438768386841,0.7911154627799988,2.754288673400879,1307.0525376538956,0.6655016541481018,1.1006386280059814
214,18.606913328170776,0.7931442260742188,0.7801195383071899,2.733412742614746,1317.034908001595,0.6962850093841553,0.6930503249168396
215,18.06758213043213,0.7981395125389099,0.783926784992218,3.400667667388916,1058.6156461340236,0.6808185577392578,0.6810115575790405
216,17.62050223350525,0.771828293800354,0.7963166236877441,2.887399435043335,1246.7966698019286,0.6446071863174438,0.8103282451629639
217,17.6984441280365,0.7737789154052734,0.7990397810935974,3.100513219833374,1161.0980972348407,0.631657600402832,0.7727596759796143
218,17.788703203201294,0.8044664859771729,0.786959707736969,2.831477403640747,1271.4210593279245,0.6645229458808899,0.675874650478363
219,17.585745096206665,0.7762676477432251,0.7841203808784485,2.9913930892944336,1203.4526698893712,0.6749929189682007,0.771960973739624
220,17.656936407089233,0.7783553600311279,0.7813326716423035,3.022827386856079,1190.9379991902929,0.6866738200187683,0.7185536623001099
221,17.54355001449585,0.801694929599762,0.7797452211380005,3.8974311351776123,923.6853391730145,0.6938037276268005,0.7131486535072327
222,17.64069414138794,0.7436723709106445,0.7799517512321472,3.2195496559143066,1118.168807673709,0.6920616626739502,0.8727304935455322
223,17.619808673858643,0.8099173307418823,0.7867274284362793,2.900369167327881,1241.221304016513,0.6675462126731873,0.687006950378418
224,17.621012926101685,0.8001722693443298,0.7920705080032349,3.142460584640503,1145.5990944153207,0.6533752083778381,0.7018481492996216
225,17.6307053565979,0.7730535864830017,0.8006530404090881,2.9010045528411865,1240.949448519214,0.6277291774749756,0.7302746176719666
226,17.55219793319702,0.7875311970710754,0.8064478635787964,3.1041159629821777,1159.7504870731111,0.61456298828125,0.746635913848877
227,17.634754180908203,0.7989617586135864,0.806964099407196,2.9643163681030273,1214.4452726898949,0.6145013570785522,0.6775160431861877
228,17.623758554458618,0.8147186040878296,0.8065252900123596,3.23836612701416,1111.6717069046401,0.6150021553039551,0.627399206161499
229,17.78724956512451,0.8286455869674683,0.8053895831108093,3.3636252880096436,1070.27379441847,0.6108512878417969,0.5643112659454346
230,17.64481830596924,0.7798395156860352,0.803014874458313,2.865773916244507,1256.2051666370355,0.6156078577041626,0.7355886101722717
231,17.55117702484131,0.7887768149375916,0.8024728298187256,3.1039319038391113,1159.8192587754017,0.6163371801376343,0.7013331055641174
232,17.57120370864868,0.7905223369598389,0.8030277490615845,2.7883541584014893,1291.0842007472293,0.6155039072036743,0.7024492025375366
233,17.712015867233276,0.8283548951148987,0.80142742395401,3.2129175662994385,1120.4769265669004,0.6191689968109131,0.6061492562294006
234,17.81606411933899,0.8110843300819397,0.7993624210357666,2.8530235290527344,1261.8192466135313,0.6271265745162964,0.634067952632904
235,17.6410071849823,0.7770143747329712,0.8000077605247498,2.6925082206726074,1337.0432715338916,0.6231496334075928,0.728572428226471
236,17.586578130722046,0.7754886150360107,0.802627682685852,2.8584725856781006,1259.41386250727,0.6181015372276306,0.770169734954834
237,17.623579740524292,0.7936660051345825,0.804524838924408,2.859581232070923,1258.9255935887027,0.6116713285446167,0.673913836479187
238,17.705181121826172,0.8186628222465515,0.805905818939209,3.0565788745880127,1177.7873719961615,0.6067977547645569,0.6351439356803894
239,17.638460874557495,0.8152534365653992,0.8064091205596924,3.050844669342041,1180.0010784476917,0.6047587990760803,0.6028890609741211
240,17.716655492782593,0.8133267760276794,0.8052217960357666,2.9894425868988037,1204.2378789199554,0.6092382073402405,0.6407865881919861
241,17.64269757270813,0.8253812193870544,0.8009886145591736,3.6474735736846924,986.9845325193859,0.6229051351547241,0.5980855226516724
242,17.654097318649292,0.7630544900894165,0.7953099608421326,2.7263295650482178,1320.4566484376332,0.6446545124053955,0.8588283061981201
243,17.601566791534424,0.8197863698005676,0.7931546568870544,3.0938117504119873,1163.6131382333156,0.6557728052139282,0.6330365538597107
244,17.583918571472168,0.7744107842445374,0.7936192750930786,3.046178102493286,1181.8087711461824,0.651403546333313,0.7846762537956238
245,17.616281509399414,0.7880123257637024,0.7928965091705322,3.1788814067840576,1132.4738294159802,0.6557765603065491,0.7260180711746216
246,17.776584148406982,0.8208255171775818,0.7905476093292236,3.1230058670043945,1152.7355865818915,0.6587857604026794,0.6119396090507507
247,17.636054277420044,0.8122270703315735,0.7926512956619263,2.6981799602508545,1334.2327246642592,0.6481186151504517,0.6646465063095093
248,17.571585416793823,0.7509373426437378,0.7979685664176941,3.0767414569854736,1170.0690650579409,0.624241828918457,0.8342583179473877
249,17.568821668624878,0.768664538860321,0.8034407496452332,2.7645628452301025,1302.195031019583,0.608871340751648,0.7853772640228271
250,17.85108780860901,0.8061981797218323,0.8023953437805176,3.0623905658721924,1175.5522107855934,0.6096156239509583,0.6601940989494324
251,17.668381929397583,0.8007566332817078,0.8027438521385193,3.905332326889038,921.8165571245346,0.6051627397537231,0.6272867918014526
252,17.629759073257446,0.808920681476593,0.800046443939209,2.654623508453369,1356.1245082536861,0.6099362969398499,0.6622231602668762
253,17.65341567993164,0.7796143293380737,0.7993108034133911,2.8181676864624023,1277.4257604660206,0.6137785315513611,0.7577002644538879
254,17.617565631866455,0.7491917014122009,0.8004594445228577,3.2472925186157227,1108.6158636348018,0.6132662892341614,1.0652352571487427
255,17.54872488975525,0.7850678563117981,0.8034923672676086,2.7274069786071777,1319.935025552525,0.6064003705978394,0.8070329427719116
256,17.763216018676758,0.8043117523193359,0.8068608641624451,2.6137256622314453,1377.3442454272463,0.6053998470306396,0.7026383280754089
257,17.671830654144287,0.771960973739624,0.8077126741409302,3.2331063747406006,1113.4802207950354,0.607220470905304,0.7982175946235657
258,17.669784545898438,0.8228305578231812,0.8072351217269897,2.9556972980499268,1217.986700591824,0.6096333265304565,0.6036617159843445
259,17.67208218574524,0.8120805621147156,0.8075965046882629,2.637728452682495,1364.8106939662048,0.6101928353309631,0.6553515791893005
260,17.647766828536987,0.7826747894287109,0.8081385493278503,3.5392987728118896,1017.1506366329975,0.609625518321991,0.7595343589782715
261,17.669954538345337,0.8141197562217712,0.8096743822097778,3.297708034515381,1091.6672920466845,0.6042048931121826,0.597832202911377
262,17.85171604156494,0.7749360799789429,0.8094291687011719,3.2821524143218994,1096.8412022217954,0.6009485125541687,0.7832115292549133
263,17.73650550842285,0.8054173588752747,0.8068350553512573,3.0289058685302734,1188.5479959622648,0.6024882793426514,0.643354058265686
264,17.61254048347473,0.7913625240325928,0.8058412671089172,2.708009719848633,1329.3896154114343,0.6033509373664856,0.6736170053482056
265,17.621085166931152,0.8044316172599792,0.8050669431686401,3.1290557384490967,1150.5068304677516,0.6044703722000122,0.6514423489570618
266,17.654905080795288,0.8212805390357971,0.8043957948684692,3.298400640487671,1091.438061165225,0.6062131524085999,0.5858353972434998
267,17.72612166404724,0.7942359447479248,0.8078029751777649,2.441040277481079,1474.7810731393815,0.5910534858703613,0.6787906885147095
268,17.697407722473145,0.7734495401382446,0.8096098303794861,3.0407047271728516,1183.9360684479097,0.5875564217567444,0.7313705682754517
269,17.624318838119507,0.8151102662086487,0.8079707622528076,2.9847776889801025,1206.1199778098444,0.5936211347579956,0.6259657740592957
270,18.5880446434021,0.7898089289665222,0.7956326007843018,3.1361083984375,1147.919504884979,0.627182126045227,0.6993783116340637
271,18.60738444328308,0.8113120198249817,0.8001238703727722,3.1798455715179443,1132.1304506877323,0.6191902756690979,0.6387775540351868
272,18.24945855140686,0.8291298747062683,0.8044990301132202,3.0948686599731445,1163.2157598672504,0.6099572777748108,0.6033401489257812
273,17.816883087158203,0.7940090298652649,0.8096098303794861,3.2204582691192627,1117.8533299189544,0.5936108827590942,0.7416411638259888
274,19.225719213485718,0.8479690551757812,0.7942000031471252,3.406493663787842,1056.8051361049618,0.6407759189605713,0.5191567540168762
275,18.448528289794922,0.7734042406082153,0.7905346751213074,3.297860860824585,1091.616703046674,0.6578211188316345,0.8164860606193542
276,18.105290174484253,0.7908217906951904,0.7918511033058167,2.818328380584717,1277.3529248047064,0.6490476131439209,0.710996687412262
277,18.11428713798523,0.7929465174674988,0.7994140386581421,2.8910176753997803,1245.2362469565942,0.619438648223877,0.7192156910896301
278,18.010157585144043,0.8204121589660645,0.8024728298187256,2.956840991973877,1217.5155883498403,0.6078279614448547,0.572943925857544
279,17.943174839019775,0.8253234624862671,0.8038666248321533,3.0404434204101562,1184.03782021846,0.6026343107223511,0.5807573795318604
280,18.268133878707886,0.824839174747467,0.8060348629951477,3.7686495780944824,955.2493341183089,0.5936360955238342,0.566453218460083
281,24.94781517982483,0.7935447692871094,0.8108746409416199,3.334001302719116,1079.7836212793147,0.5803151726722717,0.6756221055984497
282,27.758122205734253,0.8431611061096191,0.8103712797164917,4.766153335571289,755.3260977006503,0.583048939704895,0.5556827783584595
283,30.473195791244507,0.778294563293457,0.7953357696533203,6.029516696929932,597.0627798133511,0.6238621473312378,0.7689918875694275
284,34.01253938674927,0.7947639226913452,0.790031373500824,6.004920721054077,599.5083311221587,0.642873227596283,0.6917861104011536
285,33.67652249336243,0.7933723330497742,0.8024340867996216,5.15462851524353,698.401444324047,0.6143731474876404,0.6679366230964661
286,34.548168897628784,0.8231987953186035,0.8152368664741516,5.726746559143066,628.6291811277036,0.5809499621391296,0.5915915369987488
287,35.314393520355225,0.8064348697662354,0.8145012259483337,5.307438611984253,678.2932904529807,0.5840780735015869,0.6293926239013672
288,49.66652035713196,0.7824384570121765,0.8094033598899841,4.9311363697052,730.0548453936228,0.5965031385421753,0.7736210227012634
289,49.123943567276,0.8282926678657532,0.8032084703445435,6.566090106964111,548.2714890223294,0.6146259903907776,0.5919061303138733
290,56.62536358833313,0.8271604776382446,0.801814615726471,7.785029411315918,462.4259986439133,0.6146360039710999,0.5540896654129028
291,55.12768912315369,0.8050693869590759,0.8114166855812073,5.453315019607544,660.1489162199691,0.5805631875991821,0.664718508720398
292,67.83080124855042,0.8026981353759766,0.8139204978942871,8.502856492996216,423.3871291330522,0.5740580558776855,0.6946003437042236
293,74.7376127243042,0.7934440970420837,0.8098679780960083,8.933028936386108,402.99880652310907,0.5816924571990967,0.7094689607620239
294,75.55596423149109,0.8415697813034058,0.8122297525405884,9.126670122146606,394.44835321310757,0.5779623985290527,0.5331465601921082
295,73.73098492622375,0.8371886014938354,0.8153530359268188,10.722675561904907,335.7371002429595,0.5699103474617004,0.5718255639076233
296,78.81150507926941,0.8166104555130005,0.8088483810424805,8.30826210975647,433.3036142146366,0.5840356945991516,0.6039738059043884
297,71.07059526443481,0.7833545207977295,0.8087322115898132,6.50020956993103,553.8282975756729,0.5860005617141724,0.7046782374382019
298,71.35941100120544,0.7927400469779968,0.8113134503364563,11.876314401626587,303.124342978571,0.5807676911354065,0.7120203375816345
299,78.13988208770752,0.8428063988685608,0.8137139678001404,9.88718318939209,364.1077474788191,0.5771265625953674,0.538705587387085
300,73.03489875793457,0.819065272808075,0.8140882253646851,8.626912832260132,417.2987568087957,0.5787578225135803,0.6144399046897888
301,68.86128664016724,0.7895683646202087,0.8168501257896423,10.114216566085815,355.9346368033322,0.5688989758491516,0.7103332877159119
302,77.79870343208313,0.7708333134651184,0.8176116347312927,8.412126302719116,427.9536315136334,0.5639986395835876,0.7910200357437134
303,72.54393577575684,0.7954838871955872,0.8087709546089172,8.850779294967651,406.7438448100131,0.5815955400466919,0.7013166546821594
304,72.22334146499634,0.8350340127944946,0.810035765171051,12.390848159790039,290.5370119603662,0.5807991623878479,0.5341898798942566
305,79.32068967819214,0.8516355156898499,0.8170308470726013,9.098399877548218,395.67396997834595,0.561448335647583,0.48998701572418213
306,76.31939744949341,0.7980473041534424,0.8109908103942871,8.408586502075195,428.13378908708836,0.578143835067749,0.6901544332504272
307,58.79186940193176,0.8615806102752686,0.8000335693359375,10.490232944488525,343.1763640569495,0.6274229884147644,0.46209409832954407
308,57.77052044868469,0.8243052363395691,0.7953744530677795,7.122688055038452,505.4271606705322,0.6477301716804504,0.5775802135467529
309,58.27806091308594,0.8212083578109741,0.7998270392417908,8.46595549583435,425.2325684645247,0.6273781657218933,0.5666609406471252
310,51.00370955467224,0.7681233882904053,0.8037891983985901,5.466639995574951,658.5397982881752,0.6091839075088501,0.7768607139587402
311,59.73654055595398,0.8455321192741394,0.8075448870658875,7.44316291809082,483.66535028409726,0.5955817699432373,0.5016534328460693
312,61.46259379386902,0.8188331723213196,0.8128105401992798,6.958983421325684,517.3169387022625,0.5783036947250366,0.630601167678833
313,57.53539204597473,0.8409212827682495,0.8154433965682983,5.663605451583862,635.6374981935294,0.573701798915863,0.503685712814331
314,58.75368571281433,0.8247863054275513,0.8135977983474731,7.211744070053101,499.1857676909343,0.5788111090660095,0.5674867033958435
315,56.724398136138916,0.7830142378807068,0.8095840215682983,7.177494287490845,501.56779731252306,0.5848703384399414,0.7245873212814331
316,55.34717321395874,0.8258032202720642,0.8095453381538391,8.214932203292847,438.2263798302545,0.581974446773529,0.581676185131073
317,54.70983529090881,0.7937324643135071,0.8128105401992798,8.565712690353394,420.28026506822704,0.5684512257575989,0.663052499294281
318,59.89484882354736,0.8173345923423767,0.8109778761863708,7.109110593795776,506.3924597180654,0.57126784324646,0.6478797793388367
319,62.07313513755798,0.8305084705352783,0.8052734136581421,7.896552085876465,455.89517562213655,0.5926995873451233,0.5730936527252197
320,58.175570249557495,0.8185502290725708,0.7990139722824097,7.370219707489014,488.45219584729267,0.6260367631912231,0.5891354084014893
321,49.83438730239868,0.8005479574203491,0.7963424324989319,8.411895036697388,427.9653971304668,0.6412234902381897,0.6681044101715088
322,61.310094118118286,0.8232645392417908,0.7926512956619263,9.484968900680542,379.54789706708493,0.6594113707542419,0.5932815074920654
323,62.53670120239258,0.7922136783599854,0.7946259379386902,6.960019588470459,517.239923571988,0.6489431262016296,0.6811134815216064
324,55.08535313606262,0.8227132558822632,0.8037247061729431,6.412776947021484,561.3792635766127,0.6060715317726135,0.6138091087341309
325,55.67430233955383,0.8229946494102478,0.8138043284416199,7.758602619171143,464.00108069777525,0.5771684646606445,0.5840007066726685
326,58.8265585899353,0.805962860584259,0.8188118934631348,6.726566314697266,535.1913341185904,0.5644341111183167,0.633707582950592
327,54.44890999794006,0.8041791319847107,0.807390034198761,5.672184944152832,634.6760614198693,0.5857622623443604,0.6442574262619019
328,52.90495944023132,0.8199114799499512,0.7985880970954895,11.568323850631714,311.194607488743,0.616898775100708,0.632032573223114
329,59.089735984802246,0.8143762946128845,0.8058542013168335,8.470338582992554,425.0125263266781,0.5996160507202148,0.6291956305503845
330,61.54988074302673,0.8126027584075928,0.8160241842269897,7.381456613540649,487.708617482911,0.5737582445144653,0.6795307397842407
331,52.252511501312256,0.8164201974868774,0.8194184303283691,7.638285875320435,471.3099324590252,0.5626015067100525,0.6253275871276855
332,62.08819127082825,0.8092307448387146,0.8093775510787964,6.66179633140564,540.3947855668532,0.5965168476104736,0.6428698897361755
333,60.44133400917053,0.8069135546684265,0.8033375144004822,6.694146633148193,537.7832601056955,0.6258198022842407,0.6244713068008423
334,57.4181387424469,0.7874317169189453,0.8006272315979004,6.112606525421143,588.9467913611485,0.63546222448349,0.7007448673248291
335,56.47768187522888,0.8220218420028687,0.8044861555099487,7.868286848068237,457.5328873379655,0.6147781610488892,0.5911115407943726
336,53.88462519645691,0.7902488708496094,0.8117135167121887,8.946310997009277,402.40049794864814,0.5845688581466675,0.7218815088272095
337,60.1710638999939,0.8444039821624756,0.8153401613235474,7.130705118179321,504.8589081074195,0.573792040348053,0.482589989900589
338,50.515201568603516,0.7884104251861572,0.8202702403068542,9.44113278388977,381.3101756330548,0.5613725781440735,0.7306528091430664
339,61.06352424621582,0.8269848823547363,0.8216124773025513,6.841196537017822,526.2237359386393,0.5575557947158813,0.5451691150665283
340,61.548218965530396,0.798309862613678,0.8211866021156311,6.5954906940460205,545.8274701607638,0.5583878755569458,0.6854653358459473
341,54.974180936813354,0.8141493797302246,0.8189796209335327,5.803537607192993,620.3113072857674,0.5603447556495667,0.6003881096839905
342,55.41462707519531,0.8220798373222351,0.8187344074249268,9.066170454025269,397.0805554843328,0.559280514717102,0.5894699096679688
343,58.50669479370117,0.7775202989578247,0.8189409375190735,6.225562572479248,578.2609937797714,0.5572634935379028,0.7511371970176697
344,58.21310329437256,0.8103924989700317,0.818889319896698,6.774860143661499,531.3762828548024,0.5558410286903381,0.6540236473083496
345,52.10596227645874,0.8313748240470886,0.8194055557250977,7.383597373962402,487.5672138753231,0.5536763668060303,0.5641875863075256
346,59.993759870529175,0.7777174115180969,0.8202057480812073,6.874663829803467,523.6619693886788,0.5526934862136841,0.7765359878540039
347,60.88348984718323,0.8288482427597046,0.8174180388450623,6.925974369049072,519.7824606582071,0.5580730438232422,0.5956780314445496
348,51.92673707008362,0.8325603008270264,0.8150820136070251,7.68085241317749,468.6979786024449,0.5613260865211487,0.5299266576766968
349,58.27971148490906,0.8320726156234741,0.8169276118278503,9.717268705368042,370.4744727303133,0.5593007206916809,0.5617285966873169
350,62.09254288673401,0.8231579065322876,0.8183859586715698,7.277469635009766,494.67743330476554,0.5559726357460022,0.5594126582145691
351,57.48372220993042,0.7953410744667053,0.8182439804077148,6.848610877990723,525.6540434454038,0.556492030620575,0.6590809226036072
352,54.443392515182495,0.8063884973526001,0.8187344074249268,7.306121826171875,492.737472170822,0.5550374388694763,0.623723566532135
353,66.52740430831909,0.8369876146316528,0.8193926215171814,6.879615306854248,523.2850732821172,0.5559015870094299,0.5187830328941345
354,59.75864505767822,0.7884719967842102,0.8188247680664062,5.4943506717681885,655.2184625742955,0.5536500215530396,0.7386239767074585
355,48.84924530982971,0.8071512579917908,0.8207090497016907,8.198761224746704,439.0907237466499,0.5476094484329224,0.6084659099578857
356,62.43947100639343,0.8090379238128662,0.821535050868988,7.6461920738220215,470.822595776162,0.5443791747093201,0.6227712035179138
357,59.93166470527649,0.7928229570388794,0.8202702403068542,7.3734705448150635,488.23684561016887,0.5453202724456787,0.6910721659660339
358,55.848209857940674,0.829954981803894,0.8206574320793152,6.437185525894165,559.2506205574894,0.5459325313568115,0.5788943767547607
359,55.0396683216095,0.8446700572967529,0.8224384784698486,8.917227745056152,403.71291425139333,0.5433335900306702,0.5146823525428772
360,60.49656319618225,0.8022629022598267,0.8225546479225159,6.845954418182373,525.8580148355434,0.542990505695343,0.6903814077377319
361,58.4568772315979,0.8189262747764587,0.8192765116691589,5.938110828399658,606.2534203273219,0.5512306690216064,0.6041393876075745
362,48.605477809906006,0.8160127401351929,0.8132880926132202,8.171694040298462,440.5451283720008,0.5701667666435242,0.5835403203964233
363,64.73834896087646,0.8301886916160583,0.810177743434906,6.132359504699707,587.0497313865957,0.579896867275238,0.558616042137146
364,59.97528028488159,0.8505446910858154,0.8097647428512573,7.21465802192688,498.98414991519127,0.5844075083732605,0.5168607234954834
365,55.794108390808105,0.8079208135604858,0.8140882253646851,5.897469520568848,610.4313023482583,0.5673685669898987,0.6399717926979065
366,57.592291831970215,0.8323385715484619,0.8232128620147705,8.618953704833984,417.6841091489935,0.5426880121231079,0.5491146445274353
367,60.907604694366455,0.8248955011367798,0.8276525139808655,7.6352198123931885,471.49919562978687,0.5321904420852661,0.5918098092079163
368,54.10153365135193,0.7951251864433289,0.8202186226844788,6.966427326202393,516.764164962942,0.5506967902183533,0.6668404340744019
369,52.399165868759155,0.8384769558906555,0.8184891939163208,8.9627525806427,401.662320543702,0.5525898933410645,0.523703932762146
370,62.06734013557434,0.8339582085609436,0.8197927474975586,6.170312404632568,583.4388542948295,0.5498215556144714,0.590986967086792
371,61.1152765750885,0.820712685585022,0.8235613107681274,6.487215757369995,554.9376087746291,0.5404289364814758,0.5949572324752808
372,52.82190179824829,0.802935004234314,0.8255746364593506,5.525582313537598,651.5150432525548,0.5383519530296326,0.6392065286636353
373,59.3871591091156,0.8192371726036072,0.8254326581954956,6.67270040512085,539.5117091181318,0.5397626757621765,0.6598197817802429
374,58.64399218559265,0.7664273977279663,0.8234838843345642,7.996214389801025,450.2130413851474,0.5448271036148071,0.8161309957504272
375,55.56019592285156,0.856168270111084,0.8224900960922241,6.182490348815918,582.2896271385977,0.5453265309333801,0.4692052900791168
376,54.96717047691345,0.8213953375816345,0.8216512203216553,8.804686069488525,408.8731808934476,0.5422414541244507,0.6127075552940369
377,63.36148977279663,0.7913768887519836,0.81744384765625,5.7601611614227295,624.9825133557234,0.547264039516449,0.6776524186134338
378,74.07831025123596,0.8280254602432251,0.8151723742485046,7.207015037536621,499.5133187942522,0.5502966046333313,0.5866404175758362
379,66.30851221084595,0.8156493306159973,0.8183859586715698,11.039455890655518,326.10302859647857,0.5451208353042603,0.5708778500556946
380,73.10247588157654,0.8159741163253784,0.8185408115386963,10.069978713989258,357.49827305978954,0.5498813390731812,0.601868212223053
381,78.86397075653076,0.8437821269035339,0.8106294274330139,8.311958312988281,433.11093059437434,0.5826552510261536,0.5228830575942993
382,71.13555431365967,0.8504194021224976,0.8055831789970398,9.714857578277588,370.5664206595881,0.6031487584114075,0.505792498588562
383,78.84955787658691,0.7975460290908813,0.8052992224693298,8.80407190322876,408.90170361736307,0.603888213634491,0.672566831111908
384,79.68209314346313,0.7943296432495117,0.8126943707466125,9.012427568435669,399.4484252620595,0.57790607213974,0.6458261013031006
385,68.91165947914124,0.8223373889923096,0.8185795545578003,8.025157690048218,448.589316128238,0.5611057281494141,0.5713037252426147
386,74.5892333984375,0.8214989900588989,0.8232902884483337,10.577253103256226,340.35301650215155,0.5456060171127319,0.5676813125610352
387,93.35713338851929,0.8114463090896606,0.8239743113517761,11.742953777313232,306.5668202624633,0.5407884120941162,0.6201780438423157
388,88.28000831604004,0.780251145362854,0.8254068493843079,8.121948719024658,443.2433797036229,0.5349748134613037,0.6905220150947571
389,109.66345238685608,0.7989183664321899,0.8247615694999695,14.056016683578491,256.11807961254385,0.5364157557487488,0.6609320640563965
390,116.09056305885315,0.8290551900863647,0.8238452076911926,15.857974290847778,227.01512399838438,0.5385692715644836,0.5653281807899475
391,118.20702266693115,0.8125,0.8223094344139099,18.836705446243286,191.11622307169267,0.5422590970993042,0.6235949397087097
392,122.10933995246887,0.8073998689651489,0.822838544845581,17.881184339523315,201.32894620647764,0.5397078394889832,0.6031274795532227
393,124.13888812065125,0.8026845455169678,0.8188635110855103,14.4656503200531,248.8654101509337,0.5516517162322998,0.6632183194160461
394,139.81240963935852,0.8335564732551575,0.8222319483757019,26.23472809791565,137.22269148602385,0.5405247807502747,0.5518028736114502
395,158.26697421073914,0.8321645855903625,0.826258659362793,25.46246862411499,141.38456302663886,0.5278709530830383,0.5383633375167847
396,168.8720896244049,0.8377671241760254,0.8234451413154602,32.134050607681274,112.03069429222413,0.5325480699539185,0.5351371765136719
397,174.4888515472412,0.8336744904518127,0.8165146112442017,29.532349586486816,121.90022298961475,0.5538773536682129,0.5408102869987488
398,169.44679641723633,0.8587856292724609,0.8059961795806885,44.5264573097229,80.85080685756455,0.595980703830719,0.47219154238700867
399,178.8115303516388,0.8046578168869019,0.8016468286514282,32.32451605796814,111.37057685702254,0.614732027053833,0.6516963839530945
400,177.61675834655762,0.8296186327934265,0.8046926259994507,31.893197536468506,112.87673479222502,0.5970544815063477,0.5624352097511292
401,180.8342626094818,0.8480874300003052,0.8195345997810364,33.49460029602051,107.48001075348601,0.5450021624565125,0.5019357204437256
402,176.48791646957397,0.840726912021637,0.8209930062294006,30.543442726135254,117.86490580904854,0.5416712760925293,0.4993695914745331
403,177.29875206947327,0.8219715356826782,0.8116360902786255,32.979140758514404,109.15990887575104,0.5666162967681885,0.590273916721344
404,180.60113620758057,0.8621730208396912,0.8089129328727722,31.61966109275818,113.85321270329823,0.5766865015029907,0.484649658203125
405,172.98565888404846,0.8095028400421143,0.8167985081672668,33.79542303085327,106.52330041004096,0.5542739033699036,0.596279501914978
406,176.26107048988342,0.8545279502868652,0.8227482438087463,34.75385069847107,103.58564382502729,0.5319640636444092,0.5174986124038696
407,174.94212365150452,0.8336787819862366,0.8136365413665771,29.71566915512085,121.14820572296006,0.565410852432251,0.5443598628044128
408,178.60268878936768,0.846600353717804,0.8047055602073669,45.20178532600403,79.64287193605523,0.6151326298713684,0.46638137102127075
409,172.25416207313538,0.8400770425796509,0.8026147484779358,33.182809352874756,108.48990999275105,0.6333315372467041,0.5212194323539734
410,182.6889796257019,0.8069478869438171,0.8062284588813782,30.982104778289795,116.19610822963328,0.6155717968940735,0.6352787613868713
411,173.60058975219727,0.798561155796051,0.8205928802490234,28.706031799316406,125.40918316984965,0.5509815216064453,0.6834281086921692
412,176.95555448532104,0.8210302591323853,0.8252132534980774,31.52085018157959,114.21011740678865,0.5338696241378784,0.5579535365104675
413,170.80499243736267,0.8305262923240662,0.8143593072891235,32.91852951049805,109.36089957638977,0.5549712181091309,0.5728441476821899
414,182.30902767181396,0.8087923526763916,0.8078029751777649,31.292489528656006,115.04357928132598,0.5700600743293762,0.6415950059890747
415,176.57988238334656,0.8647990226745605,0.8166049122810364,33.12876582145691,108.66689146833066,0.5510706305503845,0.4422371983528137
416,172.32050848007202,0.8377566337585449,0.8237549066543579,33.250869274139404,108.26784618229127,0.5376492142677307,0.5558420419692993
417,179.9539577960968,0.8315539956092834,0.8165404200553894,32.63942313194275,110.29606698155276,0.5605276226997375,0.5795987248420715
418,175.78275728225708,0.805380642414093,0.8100615739822388,43.8713583946228,82.05809283628753,0.5863085985183716,0.6708425879478455
419,177.6234748363495,0.8500435948371887,0.8036472797393799,33.03152394294739,108.98679716436885,0.6150966882705688,0.495434433221817
420,170.87379240989685,0.8062322735786438,0.8051056265830994,32.85569667816162,109.57004002270425,0.6078137159347534,0.6579576730728149
421,182.56677293777466,0.8021647334098816,0.813275158405304,27.482333421707153,130.99324372349366,0.5739212036132812,0.6398044228553772
422,174.97679138183594,0.8468000292778015,0.8195217251777649,35.63763093948364,101.01681579544862,0.5471168756484985,0.5154990553855896
423,179.1432044506073,0.8174212574958801,0.8278589844703674,31.652324199676514,113.73572371146103,0.5275132060050964,0.6148128509521484
424,179.22015142440796,0.8135518431663513,0.8268136382102966,32.07404708862305,112.24027919061554,0.5275785326957703,0.6146993041038513
425,179.93007922172546,0.8444444537162781,0.8270588517189026,30.13585352897644,119.45903561478697,0.5258258581161499,0.47639399766921997
426,172.00001788139343,0.8183271288871765,0.826052188873291,33.77460265159607,106.58896677885495,0.5279266834259033,0.6529470682144165
427,170.79822754859924,0.8039215803146362,0.8272524476051331,30.2789888381958,118.89432699478843,0.5274210572242737,0.6529210805892944
428,181.24527859687805,0.8276441097259521,0.8266974687576294,41.18419098854065,87.41218204338861,0.5276283621788025,0.5828617215156555
429,177.5768961906433,0.7845176458358765,0.8266845345497131,28.782503366470337,125.0759864131122,0.5266585946083069,0.729568362236023
430,174.77327966690063,0.8463597297668457,0.8237419724464417,30.171650886535645,119.31730264075576,0.5307305455207825,0.4937155246734619
431,171.44911670684814,0.8591910004615784,0.8219738602638245,32.38078474998474,111.177046133871,0.5333904027938843,0.46751242876052856
432,185.2327105998993,0.8165091872215271,0.8211220502853394,31.273273468017578,115.11426853609147,0.5370537042617798,0.6199700832366943
433,169.65239548683167,0.8417099714279175,0.8238710165023804,27.311453104019165,131.81283274415824,0.531372606754303,0.5182070136070251
434,181.89947867393494,0.813306450843811,0.8252003788948059,36.22399973869324,99.38162615859902,0.5257641673088074,0.6533960700035095
435,180.3486692905426,0.7924335598945618,0.8180762529373169,30.088155031204224,119.64841301390743,0.5535632371902466,0.703239381313324
436,182.61342096328735,0.807653546333313,0.8079707622528076,32.780102491378784,109.82271946668882,0.5976521372795105,0.6238850951194763
437,174.45979976654053,0.8158436417579651,0.8038795590400696,35.10031223297119,102.56319021055229,0.6143012046813965,0.589890718460083
438,178.90550184249878,0.864852786064148,0.8045119643211365,48.23412609100342,74.63595366500209,0.6097854375839233,0.4543442130088806
439,173.9649200439453,0.8201202750205994,0.8180633187294006,31.368351221084595,114.76535615873298,0.548496663570404,0.5952752828598022
440,180.57898926734924,0.8374455571174622,0.8292657732963562,34.3380446434021,104.83998251460494,0.5196542143821716,0.6049338579177856
441,172.32915019989014,0.8379608392715454,0.8280913233757019,38.83497214317322,92.69995061996825,0.5222161412239075,0.5531358122825623
442,172.1658136844635,0.8290421962738037,0.8224384784698486,32.97414827346802,109.17643634473092,0.534246563911438,0.6225659847259521
443,180.61533522605896,0.8116991519927979,0.8207606673240662,32.69565272331238,110.10638112855776,0.5378997325897217,0.6296233534812927
444,177.7576470375061,0.8602739572525024,0.8197023868560791,30.965888738632202,116.25695714357902,0.5419481992721558,0.46269387006759644
445,176.86184883117676,0.8130457401275635,0.8224900960922241,31.47614812850952,114.37231726391896,0.5365298390388489,0.6326541900634766
446,172.4572126865387,0.8559960126876831,0.8265426158905029,34.491849184036255,104.37248466417901,0.5268876552581787,0.49653083086013794
447,187.70658159255981,0.8343387246131897,0.8196636438369751,30.759666442871094,117.03637965925803,0.5468339920043945,0.522951066493988
448,172.11624598503113,0.8255919814109802,0.8139333724975586,44.03490734100342,81.75332292905348,0.5695478916168213,0.6007636785507202
449,174.5827932357788,0.8451817035675049,0.8117522597312927,32.94938254356384,109.25849658154533,0.5835565328598022,0.49308454990386963
450,175.48645758628845,0.8197146654129028,0.8099195957183838,35.24580240249634,102.1398224642213,0.589137077331543,0.5964999794960022
451,179.90107989311218,0.8367758393287659,0.8113650679588318,32.95380139350891,109.24384586201674,0.5809149146080017,0.5751297473907471
452,171.30515313148499,0.8168761134147644,0.814720630645752,33.711270332336426,106.78921216881045,0.5630549788475037,0.6204792261123657
453,175.7829625606537,0.8464285731315613,0.8169146776199341,43.5343976020813,82.69323106076219,0.5561501979827881,0.48996418714523315
454,184.21556854248047,0.8143740892410278,0.8211349844932556,34.10972547531128,105.54174652052508,0.5398908853530884,0.6246397495269775
455,169.98137283325195,0.804085910320282,0.8266200423240662,30.617504358291626,117.579798727948,0.5235092639923096,0.6709852814674377
456,178.4905083179474,0.8138401508331299,0.8298594355583191,32.469685792922974,110.87264665753708,0.5159061551094055,0.6896532773971558
457,180.0456666946411,0.8299348950386047,0.8300917744636536,34.43675494194031,104.5394668013734,0.5160691738128662,0.6071198582649231
458,183.4574065208435,0.8218562602996826,0.830104649066925,40.547643184661865,88.7844450935138,0.5166813731193542,0.5940324664115906
459,175.2471263408661,0.8337825536727905,0.8297303915023804,30.77933406829834,116.96159481591502,0.5178017020225525,0.5658531785011292
460,175.78064608573914,0.7879690527915955,0.8286849856376648,29.63700580596924,121.46976059487487,0.5194342136383057,0.7289226055145264
461,179.02128291130066,0.7980034947395325,0.8297691345214844,28.961309909820557,124.3037697952767,0.5177767872810364,0.6627969741821289
462,175.24653005599976,0.8271108269691467,0.8288140892982483,32.285072326660156,111.50664194198555,0.5170782208442688,0.5771611332893372
463,174.98657989501953,0.8059118986129761,0.828943133354187,31.54674220085144,114.11637934210643,0.5169460773468018,0.6426019668579102
464,173.9577124118805,0.8341333270072937,0.8284397721290588,32.71678185462952,110.03527229529728,0.520622968673706,0.5643554925918579
465,182.22930645942688,0.809842050075531,0.8280655145645142,29.49361801147461,122.06030465978795,0.5243590474128723,0.6514023542404175
466,170.35642981529236,0.8088314533233643,0.8273040652275085,30.44687247276306,118.23874531679604,0.5269145965576172,0.6236986517906189
467,183.341162443161,0.8509933948516846,0.8258198499679565,33.44945526123047,107.62507107769177,0.5299354791641235,0.49000927805900574
468,176.00319576263428,0.8176829218864441,0.8174309134483337,37.89897561073303,94.98937483103042,0.5546873807907104,0.6048058271408081
469,181.81036257743835,0.8453370332717896,0.8116490244865417,34.503827810287476,104.33624987331531,0.5758516788482666,0.5095705986022949
470,167.21657824516296,0.7898686528205872,0.8187215328216553,27.92249894142151,128.92828853006407,0.5498396158218384,0.6535580158233643
471,180.47947192192078,0.8260162472724915,0.8252648711204529,32.0945041179657,112.16873726317554,0.5265752077102661,0.6075277924537659
472,176.48378896713257,0.8246170282363892,0.8288140892982483,30.24247646331787,119.0378706044977,0.5158089399337769,0.6289010643959045
473,184.0237045288086,0.8443032503128052,0.8269814252853394,35.197500228881836,102.27999081156241,0.5186502933502197,0.5024308562278748
474,170.35179829597473,0.8576158881187439,0.829291582107544,35.531604051589966,101.31825162672067,0.5153903961181641,0.48586177825927734
475,179.39225220680237,0.8428853750228882,0.8309306502342224,32.62772488594055,110.33561220050798,0.515497088432312,0.4927070438861847
476,177.7824900150299,0.7966035008430481,0.8231741189956665,36.23762369155884,99.34426248922557,0.5364722013473511,0.6994317173957825
477,175.50957322120667,0.8044343590736389,0.8224126696586609,33.125216245651245,108.67853581099614,0.5426279902458191,0.6784449219703674
478,176.29960823059082,0.8210188150405884,0.8188635110855103,34.21089458465576,105.22963645664701,0.5570117831230164,0.6001050472259521
479,175.93035984039307,0.8531889319419861,0.8164629936218262,43.3732635974884,83.00044085703672,0.5655922889709473,0.4939766824245453
480,181.22960209846497,0.8256562948226929,0.817508339881897,34.44228386878967,104.5226853629816,0.5590670108795166,0.5709459185600281
481,171.40314507484436,0.8391166925430298,0.8211994767189026,35.46928930282593,101.49625410490475,0.5396026372909546,0.5113634467124939
482,183.21998190879822,0.8138686418533325,0.8269556164741516,33.394084215164185,107.80352522334621,0.5166892409324646,0.5765331387519836
483,171.05733942985535,0.8305978775024414,0.8271750211715698,31.568689823150635,114.03704177041806,0.5214138627052307,0.5592761039733887
484,181.39348125457764,0.814797580242157,0.8215479254722595,34.33335018157959,104.85431747733898,0.5365067720413208,0.6195766925811768
485,168.30960774421692,0.8113831877708435,0.8198056221008301,29.367316246032715,122.5852566792286,0.5403293967247009,0.6521208882331848
486,184.51904439926147,0.8395581245422363,0.823328971862793,33.42452669143677,107.7053396517446,0.5327059626579285,0.5400285124778748
487,181.9062201976776,0.8245524168014526,0.8296787738800049,28.05866837501526,128.30259625597938,0.5153114795684814,0.5708343386650085
488,175.98330545425415,0.8229114413261414,0.8265038728713989,32.21599459648132,111.74573515706999,0.5197491645812988,0.6220809817314148
489,177.24545454978943,0.8440695405006409,0.8215866684913635,39.68113732337952,90.72320610828196,0.5384196639060974,0.5303931832313538
490,178.00473713874817,0.8339622616767883,0.8216254115104675,30.804134130477905,116.86743035046473,0.5395438075065613,0.5381951332092285
491,182.0253391265869,0.8289473652839661,0.8222448825836182,27.906723499298096,129.0011706351176,0.5352583527565002,0.5712460875511169
492,176.22539520263672,0.8280487656593323,0.8270975351333618,27.85793924331665,129.22707485851342,0.5251547694206238,0.5478481650352478
493,155.02499198913574,0.8507831692695618,0.8285946846008301,32.03652286529541,112.37174568341858,0.51860511302948,0.48748305439949036
494,135.10144066810608,0.8367058634757996,0.8297949433326721,21.060059785842896,170.9396856707886,0.5140891075134277,0.5347676873207092
