"validation/sparse_categorical_accuracy","sparse_categorical_accuracy","train_step_time_in_seconds","train_steps_per_hour","round_num","validation/loss","validation/validation_time_in_seconds","loss"
0.004400965292006731,"","","",0.0,4.137059688568115,229.9066197872162,""
0.05565091595053673,0.009999999776482582,96.23848056793213,37.40707437145018,1,4.021099090576172,208.96957206726074,4.192573070526123
0.05016584321856499,0.03999999910593033,17.08357834815979,210.7286849764578,2,3.935994863510132,211.58366537094116,4.022897720336914
0.05166294425725937,0.06499999761581421,19.42319631576538,185.34539534453242,3,3.9006004333496094,215.4938247203827,3.9557056427001953
0.08914213627576828,0.07500000298023224,17.022353649139404,211.48661778519707,4,3.8911776542663574,214.18449115753174,3.9831628799438477
0.05016584321856499,0.08500000089406967,16.21260905265808,222.04939305618888,5,3.8250818252563477,213.3079752922058,3.8409485816955566
0.0498431921005249,0.05999999865889549,17.18948984146118,209.43029916552686,6,3.8396270275115967,210.4015486240387,3.8148257732391357
0.05094020441174507,0.054999999701976776,18.45776343345642,195.03988188919269,7,3.805577039718628,211.66206288337708,3.8294930458068848
0.05215337499976158,0.09000000357627869,23.53166890144348,152.98532437617158,8,3.829772710800171,214.9663438796997,3.881464958190918
0.05139191821217537,0.054999999701976776,19.18524694442749,187.64418359731613,9,3.7927401065826416,211.46998977661133,3.8766396045684814
0.05016584321856499,0.03999999910593033,15.550357818603516,231.50592687283216,10,3.792003631591797,217.1384756565094,3.8375606536865234
0.05565091595053673,0.04500000178813934,18.279184103012085,196.9453329925587,11,3.7619073390960693,212.7256646156311,3.773104190826416
0.049856096506118774,0.07999999821186066,16.8429057598114,213.73984105461807,12,3.7607007026672363,215.15049266815186,3.6908786296844482
0.05016584321856499,0.029999999329447746,22.61849570274353,159.16177836545222,13,3.864086627960205,202.51134419441223,3.92010498046875
0.07064775377511978,0.06499999761581421,19.076639890670776,188.7124787505446,14,3.7788491249084473,212.27666425704956,3.894838809967041
0.0512886680662632,0.07999999821186066,18.397571086883545,195.67800461260902,15,3.7542943954467773,202.88890957832336,3.772512435913086
0.0512886680662632,0.05000000074505806,17.72250199317932,203.13158951176845,16,3.7674622535705566,219.59577250480652,3.7617299556732178
0.0512886680662632,0.07000000029802322,16.871366024017334,213.3792838632745,17,3.7734458446502686,208.01531863212585,3.8127260208129883
0.0790754109621048,0.054999999701976776,15.256648778915405,235.96269745523526,18,3.746829032897949,202.00832557678223,3.6660895347595215
0.060168035328388214,0.05000000074505806,20.017860412597656,179.8393997059968,19,3.9097530841827393,193.90363931655884,3.8326306343078613
0.049869004637002945,0.04500000178813934,18.262248516082764,197.12797122597675,20,3.7660598754882812,195.6628851890564,3.889355182647705
0.06507233530282974,0.03999999910593033,17.273327827453613,208.41380630073425,21,3.7487683296203613,198.07395458221436,3.8098156452178955
0.05214047059416771,0.07999999821186066,15.400671005249023,233.75604860158427,22,3.7688658237457275,193.72760677337646,3.8427045345306396
0.05596066266298294,0.04500000178813934,17.109987258911133,210.4034296182814,23,3.739678382873535,190.77781772613525,3.686112880706787
0.060168035328388214,0.05999999865889549,20.913352489471436,172.1388286173809,24,3.9112401008605957,202.11471796035767,3.8752050399780273
0.06371720135211945,0.07999999821186066,14.013857364654541,256.88858579935635,25,3.749044179916382,202.08112812042236,3.889143466949463
0.0512886680662632,0.04500000178813934,16.043159008026123,224.39470918408153,26,3.7115249633789062,197.662691116333,3.688671827316284
0.049856096506118774,0.05999999865889549,17.689054489135742,203.51568266189958,27,3.7745509147644043,196.95439314842224,3.712918281555176
0.053289107978343964,0.05999999865889549,17.785118103027344,202.41642361583285,28,3.7259035110473633,196.61273622512817,3.670711040496826
0.07337093353271484,0.07500000298023224,14.012930154800415,256.9055836453125,29,3.8834269046783447,200.5663800239563,3.812615156173706
0.051340293139219284,0.05999999865889549,18.286147594451904,196.87033484801663,30,3.7522048950195312,191.46939325332642,3.8903861045837402
0.06853116303682327,0.08500000089406967,14.739299774169922,244.24498145487667,31,3.7100203037261963,197.74117016792297,3.692237138748169
0.08598014712333679,0.07000000029802322,17.208458423614502,209.19944781688633,32,3.7694828510284424,197.05007433891296,3.688107490539551
0.08187602460384369,0.03500000014901161,16.151883363723755,222.88422464004432,33,3.7111470699310303,198.83246970176697,3.738779306411743
0.05585741251707077,0.04500000178813934,16.456802368164062,218.75452590742995,34,3.7417571544647217,195.17710137367249,3.692905902862549
0.09399481117725372,0.06499999761581421,14.605400323867798,246.48417161951838,35,3.703519582748413,201.28651809692383,3.723219394683838
0.10646206140518188,0.05000000074505806,20.93917489051819,171.9265452828409,36,3.7074031829833984,197.68043756484985,3.566690444946289
0.05565091595053673,0.06499999761581421,13.25186800956726,271.6598141032615,37,3.7225770950317383,201.91003441810608,3.630314826965332
0.10773976147174835,0.05000000074505806,16.135764360427856,223.10687734315314,38,3.7545485496520996,194.1252157688141,3.8229763507843018
0.06096821278333664,0.0949999988079071,16.28471279144287,221.06622610450287,39,3.695580005645752,193.0195164680481,3.7102017402648926
0.049856096506118774,0.03500000014901161,19.440221786499023,185.18307247400602,40,3.8212180137634277,194.13985967636108,3.779784917831421
0.049856096506118774,0.07500000298023224,13.288514852523804,270.9106352329715,41,3.7066409587860107,202.57332921028137,3.824760675430298
0.06463353335857391,0.03999999910593033,17.441104888916016,206.40894157386975,42,3.7025527954101562,192.0619180202484,3.6934380531311035
0.0508369579911232,0.07000000029802322,19.725342512130737,182.5063365964907,43,3.750326633453369,201.12188744544983,3.774409294128418
0.05021746829152107,0.07500000298023224,14.820176362991333,242.9120890214136,44,3.688722848892212,196.46672248840332,3.6941099166870117
0.07977233827114105,0.06499999761581421,15.122446775436401,238.05671485963035,45,3.7631237506866455,201.19880557060242,3.689985752105713
0.07582308351993561,0.05000000074505806,15.810930252075195,227.69058762544964,46,3.6973166465759277,193.35564303398132,3.7195727825164795
0.049856096506118774,0.05999999865889549,15.491010904312134,232.39283880420555,47,3.7716927528381348,199.03645944595337,3.7146921157836914
0.049856096506118774,0.07500000298023224,17.066679000854492,210.93734755424623,48,3.723745822906494,190.20717930793762,3.6629223823547363
0.08385065197944641,0.08500000089406967,15.276547908782959,235.65533401235552,49,3.7798714637756348,200.7205924987793,3.6366260051727295
0.09935082495212555,0.08500000089406967,21.17286491394043,170.02895048131742,50,3.691612958908081,195.83744382858276,3.755568265914917
0.07346127182245255,0.07999999821186066,15.691957235336304,229.4168882829514,51,3.700115203857422,197.73469519615173,3.5992555618286133
0.10056399554014206,0.05999999865889549,17.52519917488098,205.4184927701085,52,3.6895742416381836,183.87346816062927,3.6361780166625977
0.049869004637002945,0.06499999761581421,15.550010919570923,231.51109144683068,53,3.6972546577453613,199.70739769935608,3.6423239707946777
0.0735258087515831,0.0949999988079071,16.92776846885681,212.66831517829237,54,3.6851720809936523,193.25993871688843,3.6059999465942383
0.08289559930562973,0.03500000014901161,14.42183780670166,249.6214454947705,55,3.726212501525879,201.9972221851349,3.6608126163482666
0.05343107506632805,0.09000000357627869,17.349387407302856,207.50012179015937,56,3.681666135787964,194.42933773994446,3.7075982093811035
0.08289559930562973,0.08500000089406967,14.915476560592651,241.36003870713452,57,3.7554028034210205,199.4926426410675,3.734929084777832
0.11297962069511414,0.07000000029802322,22.630481481552124,159.0774815345684,58,3.689455986022949,190.65597009658813,3.768122911453247
0.06641456484794617,0.08500000089406967,17.290401697158813,208.20800251225847,59,3.6904091835021973,196.84695649147034,3.672518014907837
0.05130157619714737,0.05999999865889549,15.369531631469727,234.22964904336166,60,3.6752119064331055,195.22023558616638,3.6098687648773193
0.0512886680662632,0.03500000014901161,15.86875581741333,226.86088571919396,61,3.762859344482422,193.49924206733704,3.7462472915649414
0.0512886680662632,0.09000000357627869,17.49971604347229,205.71762370640664,62,3.6935219764709473,187.32637453079224,3.711117744445801
0.07890763133764267,0.04500000178813934,17.245683908462524,208.7478826069325,63,3.741594076156616,205.24988722801208,3.6860573291778564
0.1325322985649109,0.08500000089406967,15.665113925933838,229.81001076794882,64,3.6935744285583496,198.35134553909302,3.7883541584014893
0.04896558076143265,0.05999999865889549,16.890401601791382,213.13880420807678,65,3.697739362716675,200.37114000320435,3.720407724380493
0.04896558076143265,0.07999999821186066,22.02312469482422,163.4645423792227,66,3.6822919845581055,195.4392385482788,3.6517999172210693
0.04896558076143265,0.07999999821186066,15.54995846748352,231.51187236467229,67,3.6789751052856445,196.37268209457397,3.5287790298461914
0.05230824649333954,0.04500000178813934,16.815442085266113,214.0889297911687,68,3.7345926761627197,191.1475875377655,3.658931255340576
0.06982176750898361,0.09000000357627869,17.147067308425903,209.94843813501538,69,3.6857423782348633,196.55605387687683,3.7622060775756836
0.14612238109111786,0.08500000089406967,13.980467319488525,257.50212190558636,70,3.6756982803344727,193.5611171722412,3.581364631652832
0.06446575373411179,0.07999999821186066,17.447198390960693,206.33685244647316,71,3.7773196697235107,194.0671739578247,3.741825580596924
0.05300517380237579,0.10000000149011612,16.02039122581482,224.71361337287811,72,3.679126024246216,174.00548267364502,3.7292113304138184
0.05039815232157707,0.07000000029802322,14.442111015319824,249.2710377438043,73,3.7134335041046143,181.41379952430725,3.638420343399048
0.09076829999685287,0.0949999988079071,15.809795141220093,227.70693534250165,74,3.6763386726379395,182.6929030418396,3.704929828643799
0.09731166809797287,0.09000000357627869,15.273672103881836,235.69970440082005,75,3.755750894546509,181.30419325828552,3.7747297286987305
0.11717408895492554,0.08500000089406967,14.064831495285034,255.95756345938673,76,3.740514039993286,176.34995317459106,3.579181432723999
0.06161351501941681,0.10499999672174454,15.223382472991943,236.47832578514138,77,3.760066270828247,178.39787936210632,3.4904675483703613
0.14767110347747803,0.08500000089406967,16.27043890953064,221.26016513858448,78,3.6760494709014893,184.16901993751526,3.7309529781341553
0.0500238761305809,0.07999999821186066,16.473089456558228,218.5382413841489,79,3.6927406787872314,178.39739227294922,3.6374566555023193
0.061587702482938766,0.05999999865889549,15.047580003738403,239.24112708526025,80,3.67574143409729,180.16177320480347,3.6821343898773193
0.10459068417549133,0.0949999988079071,16.078545570373535,223.90084875794926,81,3.677703380584717,180.96683263778687,3.5023293495178223
0.11494134366512299,0.0949999988079071,15.31719970703125,235.02990552166307,82,3.7590537071228027,187.92905044555664,3.6821253299713135
0.1014932319521904,0.12999999523162842,17.779846906661987,202.47643407160638,83,3.669710159301758,189.34759783744812,3.7154953479766846
0.049856096506118774,0.05999999865889549,14.200486421585083,253.51244268139385,84,3.700984001159668,196.89575743675232,3.6488382816314697
0.06313642859458923,0.05999999865889549,12.80957293510437,281.03981438243534,85,3.68165922164917,188.3917374610901,3.569368600845337
0.10850121825933456,0.054999999701976776,12.376956701278687,290.86310042823993,86,3.734996795654297,192.97007822990417,3.6236255168914795
0.09700192511081696,0.07000000029802322,14.031724214553833,256.56148488622995,87,3.6678078174591064,186.52451515197754,3.663240909576416
0.12854433059692383,0.05999999865889549,14.270484924316406,252.26893263211582,88,3.754281520843506,191.1158618927002,3.7324414253234863
0.10368726402521133,0.15000000596046448,15.624290704727173,230.41045945918108,89,3.6611671447753906,187.11177897453308,3.725032091140747
0.13503606617450714,0.06499999761581421,13.816644668579102,260.5553002449923,90,3.7930045127868652,195.83697128295898,3.895477533340454
0.15551798045635223,0.1550000011920929,13.855889558792114,259.8173134048731,91,3.6537938117980957,179.8711075782776,3.639070749282837
0.19140972197055817,0.09000000357627869,22.6399347782135,159.01105878910457,92,3.653757095336914,188.67054510116577,3.517193555831909
0.13673967123031616,0.07999999821186066,16.23345136642456,221.76430130229937,93,3.6877105236053467,190.26262211799622,3.7199738025665283
0.13476504385471344,0.11500000208616257,16.54326105117798,217.61126714153244,94,3.650611162185669,187.89973545074463,3.681525945663452
0.13671386241912842,0.10999999940395355,16.305572271347046,220.78341931770754,95,3.6452794075012207,186.45258951187134,3.580918788909912
0.1481744349002838,0.07500000298023224,12.235995769500732,294.21389708006507,96,3.6810126304626465,189.03545022010803,3.7053639888763428
0.12487900257110596,0.08500000089406967,12.201412677764893,295.0478026663601,97,3.6427953243255615,189.1170027256012,3.581589937210083
0.051430635154247284,0.14000000059604645,14.361337661743164,250.67302815321702,98,3.6651220321655273,193.29609608650208,3.5344786643981934
0.10342913866043091,0.05999999865889549,16.60689640045166,216.77741061250254,99,3.635354995727539,188.66382956504822,3.635807991027832
0.05567672848701477,0.10999999940395355,14.005536317825317,257.04120986914006,100,3.633572816848755,190.14694666862488,3.5039072036743164
0.2053353637456894,0.10000000149011612,14.596173286437988,246.63998771136366,101,3.6352946758270264,190.5221357345581,3.46763277053833
0.05594775453209877,0.14000000059604645,24.933323860168457,144.3850815956023,102,3.6369245052337646,188.69358229637146,3.4594736099243164
0.19511376321315765,0.0949999988079071,15.290475845336914,235.440678002044,103,3.6631789207458496,188.41248178482056,3.6014492511749268
0.1351393163204193,0.14499999582767487,16.035049200057983,224.5081979534545,104,3.6352829933166504,180.30371832847595,3.556778907775879
0.11892931163311005,0.14499999582767487,12.761852264404297,282.09071265001376,105,3.6326451301574707,178.44320106506348,3.3843178749084473
0.12429822981357574,0.13500000536441803,14.43505311012268,249.39291684874203,106,3.6340019702911377,175.59059619903564,3.4984588623046875
0.0993766337633133,0.1599999964237213,13.507280588150024,266.52293009729067,107,3.6426446437835693,181.2034683227539,3.456472873687744
0.16935327649116516,0.10999999940395355,13.607893943786621,264.5523263828613,108,3.8239126205444336,182.08786725997925,3.8136672973632812
0.1470128893852234,0.17000000178813934,13.681127309799194,263.1362108165953,109,3.655350685119629,174.15845918655396,3.7587029933929443
0.13542325794696808,0.15000000596046448,15.253716707229614,236.00805423990553,110,3.614461898803711,181.1130030155182,3.559995651245117
0.07115109264850616,0.10999999940395355,13.971532821655273,257.6667890312046,111,3.627469062805176,175.1778256893158,3.501997947692871
0.15691183507442474,0.10499999672174454,24.25573468208313,148.41850998061892,112,3.6573054790496826,177.75461792945862,3.741844892501831
0.1701921671628952,0.15000000596046448,13.376972198486328,269.1191957779024,113,3.59837007522583,181.60869550704956,3.5625295639038086
0.20088277757167816,0.14000000059604645,14.557637691497803,247.29286964618805,114,3.6206183433532715,177.92180395126343,3.5677878856658936
0.14383800327777863,0.19499999284744263,13.630756378173828,264.10860117524214,115,3.599924325942993,175.63434648513794,3.5960280895233154
0.09078120440244675,0.1599999964237213,13.297301530838013,270.7316211226146,116,3.616107702255249,181.9772527217865,3.3862476348876953
0.08075319975614548,0.04500000178813934,12.596456050872803,285.79466998184444,117,3.768468141555786,182.51935076713562,3.763979434967041
0.05594775453209877,0.10999999940395355,14.086061477661133,255.57179384096713,118,3.6739139556884766,179.5122230052948,3.8087451457977295
0.16046100854873657,0.06499999761581421,15.924064636230469,226.0729331510795,119,3.588606595993042,178.87494802474976,3.585709571838379
0.2241394817829132,0.10499999672174454,15.031108140945435,239.50329983944653,120,3.581949472427368,177.26742696762085,3.4897778034210205
0.262973815202713,0.14499999582767487,15.908857822418213,226.2890296830112,121,3.5691163539886475,175.4020392894745,3.457780122756958
0.18308532238006592,0.1550000011920929,15.042610883712769,239.32015710769085,122,3.5784566402435303,183.8219850063324,3.2861719131469727
0.23745854198932648,0.14499999582767487,9.543429136276245,377.2228984564646,123,3.597975969314575,183.6183693408966,3.482717514038086
0.2729114890098572,0.17000000178813934,15.010841846466064,239.82665574799407,124,3.557838201522827,178.62253618240356,3.5286736488342285
0.19218409061431885,0.20000000298023224,11.664321422576904,308.63347035619336,125,3.549525737762451,180.9214153289795,3.4368059635162354
0.22626899182796478,0.20499999821186066,12.058277130126953,298.5501130178535,126,3.5327281951904297,185.81076097488403,3.3677499294281006
0.18025889992713928,0.14499999582767487,13.79095458984375,261.04066810945733,127,3.557647705078125,178.36499047279358,3.509974718093872
0.17296697199344635,0.1850000023841858,16.566293001174927,217.3087243926374,128,3.520209312438965,170.35185837745667,3.4879534244537354
0.2433566004037857,0.16500000655651093,15.11878776550293,238.11432873039243,129,3.592522382736206,182.71022415161133,3.5153005123138428
0.20951692759990692,0.14499999582767487,13.798860549926758,260.8911066949733,130,3.526402235031128,178.3959755897522,3.6079938411712646
0.21172386407852173,0.2150000035762787,14.640525341033936,245.89281573865728,131,3.5081050395965576,178.1918466091156,3.5414438247680664
0.18089129030704498,0.23499999940395355,14.039244413375854,256.4240563096194,132,3.4990384578704834,182.03483200073242,3.3573837280273438
0.20138610899448395,0.23999999463558197,19.834024667739868,181.5062782419252,133,3.4906821250915527,181.10679078102112,3.295372724533081
0.21415020525455475,0.25,14.761176347732544,243.8830019501118,134,3.4760706424713135,176.25793027877808,3.408456325531006
0.2059161365032196,0.2199999988079071,14.229726314544678,252.99151371030376,135,3.520076274871826,184.79506754875183,3.5158495903015137
0.19764335453510284,0.25,15.911388397216797,226.25304028338022,136,3.4764492511749268,173.35712122917175,3.2524163722991943
0.2687041163444519,0.22499999403953552,14.15571928024292,254.31417003475804,137,3.513331651687622,177.61385035514832,3.375410795211792
0.2459249198436737,0.19499999284744263,14.071932315826416,255.82840502658996,138,3.4359259605407715,179.6207354068756,3.5271267890930176
0.2477833777666092,0.1899999976158142,14.861331224441528,242.23940275816605,139,3.457658529281616,180.31399393081665,3.4667904376983643
0.21413730084896088,0.30000001192092896,15.730794668197632,228.85048568321773,140,3.4077768325805664,175.14513635635376,3.296755075454712
0.2668069005012512,0.18000000715255737,16.571474075317383,217.24078278359505,141,3.4338817596435547,186.7600438594818,3.328225612640381
0.3184053301811218,0.25,17.30154776573181,208.07386996499324,142,3.3643994331359863,163.0688672065735,3.322636127471924
0.2864370346069336,0.25,20.98627471923828,171.54068781439577,143,3.3667781352996826,167.1294138431549,3.2780065536499023
0.2815069258213043,0.23000000417232513,12.32286524772644,292.1398495909218,144,3.3825459480285645,163.1282126903534,3.4497814178466797
0.3208962082862854,0.23000000417232513,13.18553113937378,273.02654416778955,145,3.3240396976470947,165.95998358726501,3.3147668838500977
0.2542364001274109,0.25999999046325684,14.539992332458496,247.59297788372996,146,3.324465274810791,155.70230793952942,3.2045705318450928
0.27021411061286926,0.26499998569488525,13.4329092502594,267.9985350106107,147,3.3059091567993164,169.74271249771118,3.2376248836517334
0.31150057911872864,0.20499999821186066,12.80985403060913,281.03364733101597,148,3.3126888275146484,164.71258902549744,3.441054105758667
0.2628834843635559,0.33000001311302185,12.56166958808899,286.5861082203221,149,3.2764956951141357,168.24248957633972,3.0214667320251465
0.30418285727500916,0.28999999165534973,11.218794107437134,320.89010329670793,150,3.2699363231658936,161.02655220031738,2.9956274032592773
0.307848185300827,0.26499998569488525,10.001734018325806,359.93758616294474,151,3.215609312057495,169.92239499092102,3.193509817123413
0.2840106785297394,0.25,12.790461778640747,281.4597363491418,152,3.2997593879699707,158.05382680892944,3.3587234020233154
0.30378276109695435,0.3100000023841858,18.359182119369507,196.08716644310033,153,3.2123184204101562,172.9206099510193,3.1946139335632324
0.1343391388654709,0.3199999928474426,13.335026979446411,269.9657080220958,154,3.358893632888794,156.72601675987244,3.116236686706543
0.2454732060432434,0.08500000089406967,14.288892984390259,251.9439402291542,155,3.3770108222961426,163.81118392944336,3.4722228050231934
0.29434844851493835,0.2150000035762787,13.36702013015747,269.3195614988268,156,3.2731680870056152,163.25898623466492,3.351749897003174
0.33297625184059143,0.19499999284744263,13.162388563156128,273.5065890758643,157,3.2479195594787598,167.8303141593933,3.3335611820220947
0.33169856667518616,0.25,13.648238897323608,263.77029498699295,158,3.1920814514160156,159.13758897781372,3.2564444541931152
0.31866344809532166,0.3100000023841858,14.920239448547363,241.28299096101279,159,3.169374942779541,169.0728919506073,3.0271501541137695
0.31486907601356506,0.3149999976158142,12.888137817382812,279.32662196896416,160,3.1418297290802,164.51803994178772,3.0162136554718018
0.32560691237449646,0.3100000023841858,10.999807119369507,327.2784659706239,161,3.1084165573120117,167.5798316001892,2.9242303371429443
0.2989817261695862,0.4000000059604645,13.795527458190918,260.95413973189886,162,3.0817978382110596,162.036634683609,2.7580149173736572
0.321902871131897,0.2199999988079071,21.018589973449707,171.27695076346475,163,3.090914011001587,170.1311764717102,3.0812156200408936
0.3520772159099579,0.3400000035762787,12.597392559051514,285.7734235973553,164,3.0411288738250732,163.14329528808594,2.8798766136169434
0.3254004120826721,0.32499998807907104,13.621575355529785,264.28661194011977,165,3.035480499267578,170.6609616279602,2.934767961502075
0.3521546721458435,0.2849999964237213,11.760308742523193,306.11441236938265,166,3.007075309753418,162.68864631652832,3.081662654876709
0.3553553819656372,0.32499998807907104,12.654466152191162,284.48454140253466,167,2.9603869915008545,167.4876036643982,2.781137704849243
0.37929609417915344,0.28999999165534973,13.132718563079834,274.1245068725315,168,2.984997510910034,157.3994541168213,3.1679739952087402
0.3467470407485962,0.4000000059604645,14.381785869598389,250.3166180223854,169,2.937840700149536,170.63965439796448,2.740919589996338
0.3713201582431793,0.36500000953674316,13.099165678024292,274.826663658397,170,2.910630941390991,156.5328245162964,2.833367109298706
0.3646219074726105,0.26499998569488525,15.504112005233765,232.196464962633,171,2.9721596240997314,161.59238266944885,3.2696917057037354
0.3525676727294922,0.39500001072883606,14.511924982070923,248.07184466896703,172,2.887856960296631,165.29761338233948,2.7504889965057373
0.3742498457431793,0.25999999046325684,20.85640263557434,172.6088656276492,173,2.918485403060913,164.00723433494568,3.135695219039917
0.37217196822166443,0.33000001311302185,15.132163286209106,237.90385630327597,174,2.888221025466919,157.502379655838,2.949519157409668
0.38573622703552246,0.3100000023841858,14.990012645721436,240.15990413640776,175,2.843148708343506,169.993572473526,2.9634854793548584
0.3939831852912903,0.375,13.374333381652832,269.17229421980386,176,2.80049729347229,159.0355145931244,2.741037607192993
0.3773860037326813,0.3499999940395355,13.715067148208618,262.48504371852175,177,2.775606393814087,170.57756209373474,2.771965742111206
0.3858911097049713,0.29499998688697815,13.45851469039917,267.4886555325539,178,2.7743406295776367,166.06252264976501,2.807765483856201
0.3677709996700287,0.38499999046325684,13.533175230026245,266.01295991591314,179,2.820009708404541,167.46096205711365,2.7689905166625977
0.3968612551689148,0.38999998569488525,13.76716160774231,261.49180946459217,180,2.7497005462646484,152.70914506912231,2.64046049118042
0.3512899577617645,0.3449999988079071,15.095752716064453,238.47767433080605,181,2.8129401206970215,163.9789958000183,2.817288875579834
0.4125679135322571,0.3799999952316284,13.351988554000854,269.6227595942088,182,2.7096686363220215,178.22950172424316,2.6608550548553467
0.4143489599227905,0.36500000953674316,13.627464771270752,264.1723945300137,183,2.720876455307007,167.16857290267944,2.9719879627227783
0.40670856833457947,0.4350000023841858,14.545638084411621,247.49687700934032,184,2.700162649154663,159.3192436695099,2.4787139892578125
0.40694087743759155,0.27000001072883606,14.412672281265259,249.78018855528734,185,2.7423012256622314,160.88415265083313,3.191586494445801
0.4140779376029968,0.3700000047683716,12.961422681808472,277.7472881161917,186,2.669856071472168,144.28576350212097,2.955228567123413
0.43369513750076294,0.42500001192092896,12.012280464172363,299.6933022615733,187,2.601686716079712,150.1174898147583,2.5124576091766357
0.4268161952495575,0.3199999928474426,11.465517044067383,313.98496780943276,188,2.6107935905456543,147.96230459213257,2.789238929748535
0.41691726446151733,0.4399999976158142,13.266761302947998,271.3548482401689,189,2.5856215953826904,150.17090034484863,2.3253514766693115
0.43797993659973145,0.4099999964237213,11.741922855377197,306.5937363360708,190,2.5898971557617188,140.93968105316162,2.5790252685546875
0.44479435682296753,0.3400000035762787,11.505797147750854,312.8857526141703,191,2.534522771835327,153.52244186401367,2.715933322906494
0.42462217807769775,0.47999998927116394,10.935322761535645,329.2083899583457,192,2.5968573093414307,145.87515592575073,2.326916456222534
0.4408321678638458,0.47999998927116394,17.89541506767273,201.1688461198779,193,2.5406978130340576,145.78807163238525,2.6197714805603027
0.44094833731651306,0.35499998927116394,12.90470814704895,278.9679517721793,194,2.513638496398926,142.0744113922119,2.850818395614624
0.45186686515808105,0.4650000035762787,11.615649700164795,309.926701728008,195,2.4837241172790527,150.7632577419281,2.4975647926330566
0.44569775462150574,0.3199999928474426,12.218686580657959,294.6306852406509,196,2.4968903064727783,146.45597529411316,2.7721292972564697
0.4541899561882019,0.48500001430511475,11.792523384094238,305.2781735294824,197,2.448643207550049,143.1133852005005,2.3439767360687256
0.4364570379257202,0.4350000023841858,11.927852153778076,301.8146061493327,198,2.486191511154175,144.58616995811462,2.4599111080169678
0.4554676413536072,0.375,12.277349710464478,293.22289296130225,199,2.4142627716064453,151.16662502288818,2.6003806591033936
0.46385657787323,0.3499999940395355,12.971892356872559,277.5231169793593,200,2.456655502319336,142.01144433021545,2.6266536712646484
0.4601912796497345,0.4399999976158142,9.810036659240723,366.9711057204788,201,2.375027894973755,152.69175386428833,2.47244930267334
0.4800278842449188,0.3400000035762787,11.934606552124023,301.64379397654307,202,2.4572715759277344,147.68409895896912,2.6932196617126465
0.46692824363708496,0.41499999165534973,19.7754864692688,182.04356214419388,203,2.3722610473632812,143.7398066520691,2.59963321685791
0.47131627798080444,0.5350000262260437,12.808686017990112,281.05927453789656,204,2.3574321269989014,150.96828055381775,2.137963056564331
0.45076984167099,0.4749999940395355,11.630029916763306,309.54348576619117,205,2.4064793586730957,150.13882517814636,2.3242146968841553
0.4854871332645416,0.5249999761581421,10.902180910110474,330.2091599545398,206,2.3146135807037354,145.67679047584534,2.1909656524658203
0.4967799484729767,0.4300000071525574,12.851360321044922,280.1259874493419,207,2.301405191421509,148.90789079666138,2.5472586154937744
0.47207775712013245,0.5699999928474426,10.020918846130371,359.2484936039731,208,2.251971483230591,149.35678243637085,2.0151820182800293
0.47220680117607117,0.5099999904632568,13.620997667312622,264.29782075649297,209,2.273813009262085,145.59576272964478,2.2179675102233887
0.4624369144439697,0.49000000953674316,11.596612453460693,310.43548402151504,210,2.2772138118743896,144.25473523139954,2.211118459701538
0.49098512530326843,0.550000011920929,11.7822585105896,305.5441362761146,211,2.2440085411071777,149.06035351753235,2.177410840988159
0.48984938859939575,0.4749999940395355,11.605504989624023,310.19761770113433,212,2.2170979976654053,148.59327912330627,2.236557722091675
0.4594685137271881,0.4749999940395355,11.539155721664429,311.9812304154198,213,2.2693817615509033,144.83927869796753,2.2722408771514893
0.47203901410102844,0.5649999976158142,16.30428647994995,220.80083077705163,214,2.2328133583068848,146.72361707687378,1.978749394416809
0.48207995295524597,0.5550000071525574,11.39393663406372,315.95752334073114,215,2.2091119289398193,146.5337417125702,2.054628849029541
0.5102280378341675,0.38999998569488525,10.448108434677124,344.55997681376004,216,2.306411027908325,147.70390915870667,2.6309092044830322
0.4981738030910492,0.4350000023841858,10.822632789611816,332.63625126923705,217,2.229835033416748,149.62585997581482,2.5313005447387695
0.47139373421669006,0.5199999809265137,11.162094354629517,322.52011904082207,218,2.209524393081665,149.3754472732544,2.0738365650177
0.46463096141815186,0.48500001430511475,11.66838788986206,308.5259106896692,219,2.2248034477233887,152.51475858688354,2.20424747467041
0.516035795211792,0.41999998688697815,11.581580877304077,310.8383940101618,220,2.1794052124023438,152.92270135879517,2.424504041671753
0.5105506777763367,0.47999998927116394,10.672127485275269,337.3273046978734,221,2.137096643447876,146.6456015110016,2.1792306900024414
0.5168488621711731,0.38999998569488525,10.67857027053833,337.123782378642,222,2.1075551509857178,147.8276925086975,2.64982533454895
0.5062658786773682,0.4650000035762787,9.59165906906128,375.3261009466141,223,2.10267972946167,146.30880093574524,2.1875972747802734
0.5083308815956116,0.4699999988079071,17.759410619735718,202.7094297825055,224,2.12990403175354,145.74024486541748,2.272423505783081
0.5062530040740967,0.4950000047683716,12.280975103378296,293.1363323918553,225,2.086829900741577,145.05775785446167,2.2035417556762695
0.49008169770240784,0.5450000166893005,9.174533367156982,392.3905288619135,226,2.131918430328369,151.9096953868866,2.084566116333008
0.5316908359527588,0.49000000953674316,10.268068313598633,350.60148511403054,227,2.0495924949645996,148.9102165699005,2.0543622970581055
0.5030264854431152,0.5049999952316284,11.595595598220825,310.46270711203204,228,2.0552141666412354,147.1080448627472,2.099824905395508
0.5258314609527588,0.4749999940395355,11.581575632095337,310.83853478653907,229,2.0647132396698,142.7256350517273,2.156977653503418
0.5247731804847717,0.5099999904632568,7.897749900817871,455.82603212431343,230,2.025120735168457,135.87873935699463,2.2178468704223633
0.5195075273513794,0.5899999737739563,8.976877450942993,401.0303159058756,231,2.003903865814209,136.1947958469391,1.7419949769973755
0.5144870281219482,0.5199999809265137,8.257861852645874,435.9481987273178,232,2.034566640853882,132.3512499332428,2.166229486465454
0.5189525485038757,0.5049999952316284,10.056004762649536,357.9950571792966,233,2.0193281173706055,132.1168110370636,2.1274325847625732
0.5197139978408813,0.5149999856948853,16.259099006652832,221.41448296286077,234,2.009683132171631,132.84620189666748,2.0650086402893066
0.5080211162567139,0.5400000214576721,9.623253107070923,374.0938703311057,235,2.0123181343078613,133.95937299728394,2.0347959995269775
0.4975801110267639,0.5049999952316284,9.814115285873413,366.8185970040412,236,2.06872296333313,131.64360070228577,2.072723150253296
0.5317940711975098,0.41999998688697815,10.930366277694702,329.3576727933099,237,1.977455973625183,130.3333547115326,2.328793525695801
0.5497205853462219,0.5199999809265137,9.986483335494995,360.48725853319223,238,1.9323668479919434,132.8851501941681,2.0300710201263428
0.5535407662391663,0.5550000071525574,9.641513109207153,373.3853762603075,239,1.9105783700942993,133.60796976089478,1.8339353799819946
0.5540957450866699,0.5849999785423279,10.033413171768188,358.80113161586985,240,1.8836290836334229,136.0119824409485,1.8322138786315918
0.5217273235321045,0.5849999785423279,10.046013355255127,358.3511063238652,241,1.9634320735931396,132.6381893157959,1.7221189737319946
0.5166423320770264,0.45500001311302185,10.475447416305542,343.6607389576912,242,1.988519310951233,134.94160389900208,2.075568914413452
0.5484429001808167,0.5400000214576721,10.364295482635498,347.3463301033337,243,1.891448974609375,131.2133595943451,1.8354811668395996
0.550572395324707,0.5249999761581421,10.00361156463623,359.8700306123801,244,1.8813512325286865,135.68207359313965,2.096356153488159
0.5539667010307312,0.44999998807907104,15.28955626487732,235.4548384291443,245,1.9006237983703613,135.6892957687378,2.2152740955352783
0.5443775057792664,0.5350000262260437,9.736467123031616,369.74396919434963,246,1.8715869188308716,135.8285014629364,1.8350934982299805
0.5609101057052612,0.5849999785423279,10.70738410949707,336.2165738321583,247,1.8654837608337402,133.2117371559143,1.9806098937988281
0.559529185295105,0.5,9.455862760543823,380.71618541478887,248,1.8513576984405518,127.79257369041443,2.038818120956421
0.5567286014556885,0.47999998927116394,8.628012418746948,417.24557467927593,249,1.8510926961898804,134.02692365646362,2.206279754638672
0.5636461973190308,0.5199999809265137,7.460068225860596,482.56931317604716,250,1.8537019491195679,137.5966441631317,1.9970396757125854
0.5567544102668762,0.5149999856948853,8.031007528305054,448.26256074495063,251,1.8337750434875488,134.39436769485474,2.019291400909424
0.5687699317932129,0.5299999713897705,8.546760559082031,421.2122212988098,252,1.8080418109893799,132.18650579452515,2.0069947242736816
0.5450356602668762,0.5550000071525574,10.505236864089966,342.68622845676845,253,1.8435208797454834,132.83240032196045,1.9158031940460205
0.5731063485145569,0.4950000047683716,8.805011749267578,408.85805749202507,254,1.8025239706039429,136.87354850769043,2.1546213626861572
0.5612328052520752,0.5450000166893005,9.582904577255249,375.6689812548585,255,1.826087474822998,136.37519550323486,1.9960328340530396
0.575197160243988,0.5600000023841858,8.746050596237183,411.6143578621452,256,1.7759226560592651,136.29540085792542,1.8274672031402588
0.5906327962875366,0.5,8.202672719955444,438.8813406198601,257,1.7552860975265503,135.01184225082397,2.034541368484497
0.579430341720581,0.5899999737739563,7.930067300796509,453.9684044848409,258,1.7581923007965088,131.93128895759583,1.8341259956359863
0.5568576455116272,0.6100000143051147,9.555935144424438,376.7292206980368,259,1.7740199565887451,134.58529090881348,1.5658023357391357
0.545138955116272,0.4650000035762787,11.072232723236084,325.13767457624635,260,1.8952805995941162,132.71740174293518,2.148989677429199
0.5662532448768616,0.5350000262260437,9.962093353271484,361.36983185544875,261,1.7865757942199707,133.20440793037415,1.8321055173873901
0.5463262796401978,0.4699999988079071,11.239721298217773,320.29263933535736,262,1.824291467666626,135.4071135520935,2.083914279937744
0.5675051212310791,0.5299999713897705,9.88255763053894,364.27816913258675,263,1.784613013267517,133.77530241012573,1.9866392612457275
0.5314456224441528,0.550000011920929,9.359837770462036,384.62205096769435,264,1.8928861618041992,130.89164113998413,2.0729970932006836
0.5854832530021667,0.5049999952316284,16.130555629730225,223.178920964436,265,1.7685567140579224,133.94085383415222,1.8671166896820068
0.5908005833625793,0.5350000262260437,8.890215158462524,404.93958085740917,266,1.7176216840744019,133.3286988735199,1.9362516403198242
0.5695443153381348,0.6549999713897705,8.7883141040802,409.63488074790223,267,1.721993088722229,133.42084884643555,1.5008156299591064
0.5666275024414062,0.550000011920929,7.34658145904541,490.0238321821822,268,1.7557542324066162,133.05367612838745,1.7991844415664673
0.5482105612754822,0.4449999928474426,9.329458951950073,385.8744669483236,269,1.8562933206558228,127.13903307914734,2.1229028701782227
0.5021101236343384,0.5299999713897705,11.062541484832764,325.4225084656867,270,1.9244632720947266,134.42536306381226,1.9827296733856201
0.5793012380599976,0.41999998688697815,10.524894714355469,342.0461769645797,271,1.7579076290130615,133.04699110984802,2.3208463191986084
0.5713640451431274,0.6899999976158142,8.445616960525513,426.25660349341683,272,1.7227083444595337,136.93294215202332,1.4855334758758545
0.5866448283195496,0.44999998807907104,11.391633749008179,316.0213959927773,273,1.6983309984207153,129.36074328422546,2.0993099212646484
0.5931881666183472,0.5699999928474426,9.990965604782104,360.32553232661377,274,1.6548562049865723,133.55485129356384,1.656899094581604
0.5825148820877075,0.5899999737739563,14.070683240890503,255.8511152847304,275,1.6516019105911255,133.47013926506042,1.7746847867965698
0.5906327962875366,0.6549999713897705,10.32447624206543,348.6859687208514,276,1.6282745599746704,133.72455978393555,1.4745402336120605
0.5656208395957947,0.5199999809265137,9.848159551620483,365.5505357249855,277,1.7083055973052979,133.29071927070618,1.900834560394287
0.602674126625061,0.4300000071525574,11.819956302642822,304.56965388231396,278,1.693745732307434,135.1506986618042,2.194540023803711
0.6105210185050964,0.5450000166893005,10.135615587234497,355.1831626817114,279,1.6328729391098022,135.8876874446869,1.9435746669769287
0.6034613847732544,0.6000000238418579,10.449036121368408,344.5293860778178,280,1.6304347515106201,133.76147317886353,1.8219619989395142
0.5983247756958008,0.625,10.568528413772583,340.6339898096494,281,1.6097924709320068,134.69633316993713,1.495912790298462
0.581017792224884,0.6600000262260437,11.305750131607056,318.42203817468214,282,1.6350815296173096,135.26226711273193,1.375990867614746
0.6062620282173157,0.5699999928474426,9.671609163284302,372.2234779364788,283,1.5984710454940796,135.26370763778687,1.737370491027832
0.5918330550193787,0.5649999976158142,10.139233112335205,355.0564386985349,284,1.6166032552719116,134.02834033966064,1.6577823162078857
0.6190519332885742,0.574999988079071,15.360856533050537,234.36193107163083,285,1.5537383556365967,136.15499258041382,1.5351312160491943
0.6120697259902954,0.574999988079071,10.614826917648315,339.1482525272838,286,1.5656424760818481,132.20681500434875,1.6782842874526978
0.6071138381958008,0.5550000071525574,9.148598909378052,393.50287794448064,287,1.5915806293487549,133.77027988433838,1.7258437871932983
0.5485848784446716,0.5849999785423279,10.457784414291382,344.2411755094433,288,1.7189074754714966,136.2079746723175,1.6890183687210083
0.5480685830116272,0.5099999904632568,9.338004350662231,385.52134533378063,289,1.7833396196365356,136.03984832763672,1.8310356140136719
0.5958080887794495,0.5550000071525574,9.73904037475586,369.6462753487913,290,1.613061547279358,129.18784403800964,1.868607759475708
0.6002606749534607,0.6150000095367432,10.423226118087769,345.38251009951716,291,1.5773887634277344,133.09895944595337,1.4840757846832275
0.6033194661140442,0.6349999904632568,9.616619348526001,374.3519286277869,292,1.560785174369812,133.05365133285522,1.5121432542800903
0.6148058176040649,0.5350000262260437,10.993335962295532,327.4711163514991,293,1.5694230794906616,133.47118258476257,1.8180410861968994
0.6235045194625854,0.5950000286102295,8.421795129776001,427.4623099381606,294,1.5356144905090332,131.429283618927,1.6065337657928467
0.6147671341896057,0.6200000047683716,13.372948408126831,269.20017113146537,295,1.52373206615448,131.2906687259674,1.6442221403121948
0.6390691995620728,0.5600000023841858,10.590387105941772,339.93091697093945,296,1.4832427501678467,133.27918601036072,1.695131778717041
0.6064684987068176,0.5950000286102295,12.041176319122314,298.9741122121867,297,1.5461267232894897,130.39777517318726,1.6407675743103027
0.6105726361274719,0.5600000023841858,9.743891954421997,369.46222483165354,298,1.556965708732605,136.9684054851532,1.7697874307632446
0.6282926797866821,0.625,11.1776123046875,322.0723623139341,299,1.4952143430709839,131.12505459785461,1.587785005569458
0.6322548389434814,0.5649999976158142,9.882089614868164,364.2954213432345,300,1.4839457273483276,132.39296698570251,1.7823082208633423
0.6240594983100891,0.574999988079071,11.301260948181152,318.5485244971174,301,1.4939361810684204,132.65668082237244,1.6846106052398682
0.6162770986557007,0.574999988079071,9.39399790763855,383.22341939982005,302,1.5074422359466553,134.73693251609802,1.7280627489089966
0.5963114500045776,0.6850000023841858,10.952380895614624,328.69565387754676,303,1.5526790618896484,128.07409143447876,1.3820738792419434
0.6372752785682678,0.5649999976158142,10.082152366638184,357.06661326726135,304,1.5004560947418213,136.51303577423096,1.6666024923324585
0.6368106603622437,0.5699999928474426,12.004967451095581,299.87586510877725,305,1.4642983675003052,130.97286438941956,1.6380624771118164
0.6297768354415894,0.6349999904632568,10.956560134887695,328.57027713807184,306,1.4637229442596436,130.6359977722168,1.554903268814087
0.6325516700744629,0.6100000143051147,11.056382656097412,325.6037812706003,307,1.4477431774139404,131.39261841773987,1.3701716661453247
0.627260148525238,0.6200000047683716,9.97403860092163,360.9370430617092,308,1.4685187339782715,137.25727224349976,1.4484866857528687
0.6181097626686096,0.6949999928474426,10.321882009506226,348.77360511237,309,1.500317931175232,134.42872285842896,1.3491358757019043
0.5740485191345215,0.4950000047683716,10.281102895736694,350.1569857347529,310,1.631625771522522,131.3210563659668,1.988966703414917
0.5908392667770386,0.5450000166893005,11.358172416687012,316.9523993764183,311,1.5987279415130615,130.43044567108154,1.8266979455947876
0.6213492155075073,0.574999988079071,10.556926250457764,341.00834983515193,312,1.4836370944976807,132.82692289352417,1.612971544265747
0.635868489742279,0.699999988079071,9.254281759262085,389.009119632322,313,1.4155662059783936,131.2074728012085,1.238529920578003
0.6103145480155945,0.7200000286102295,8.543333292007446,421.38119595169155,314,1.4624850749969482,136.8123118877411,1.1905009746551514
0.6271569132804871,0.6499999761581421,9.861015319824219,365.0739688805364,315,1.4235870838165283,134.00838971138,1.324440360069275
0.6351844668388367,0.6399999856948853,18.72541570663452,192.25207367356333,316,1.4026955366134644,132.29954743385315,1.4474780559539795
0.6278796792030334,0.5950000286102295,10.912109851837158,329.908702247339,317,1.4192737340927124,132.7089912891388,1.6527607440948486
0.643276572227478,0.574999988079071,10.009122133255005,359.67190249773347,318,1.3944178819656372,134.93286633491516,1.5905930995941162
0.6393531560897827,0.6299999952316284,8.239615678787231,436.9135819366123,319,1.4078662395477295,136.17044925689697,1.5213422775268555
0.640282392501831,0.625,10.252161026000977,351.14547955985813,320,1.4024089574813843,129.71782755851746,1.5366907119750977
0.6340745687484741,0.5649999976158142,10.950681924819946,328.74665018262704,321,1.4065910577774048,136.37073373794556,1.6491098403930664
0.6484003067016602,0.6050000190734863,11.112982511520386,323.9454391535326,322,1.402258038520813,133.77311086654663,1.6741232872009277
0.6424764394760132,0.5899999737739563,10.607239484786987,339.39084765297866,323,1.3862133026123047,133.1999135017395,1.5206931829452515
0.6367719173431396,0.6349999904632568,9.73593783378601,369.7640701347894,324,1.4125076532363892,131.58693885803223,1.4375121593475342
0.6508782505989075,0.6000000238418579,10.79650092124939,333.4413645919832,325,1.3825066089630127,137.05952382087708,1.5285221338272095
0.6308351755142212,0.6650000214576721,8.674312829971313,415.0184655044203,326,1.4074463844299316,136.00101804733276,1.415252685546875
0.6372494697570801,0.6650000214576721,10.380739688873291,346.7960962221892,327,1.385655403137207,135.81880736351013,1.441357135772705
0.6542983651161194,0.699999988079071,9.475159168243408,379.94084701665236,328,1.336979866027832,128.44888854026794,1.2202906608581543
0.6594607830047607,0.5550000071525574,9.927304983139038,362.63618435359797,329,1.33383309841156,132.852632522583,1.6255593299865723
0.6424376964569092,0.6150000095367432,7.962225437164307,452.1348997727092,330,1.35354745388031,136.1483280658722,1.598191738128662
0.6462966203689575,0.6549999713897705,7.428300857543945,484.63303641558275,331,1.3491066694259644,132.63577318191528,1.2334059476852417
0.6656298637390137,0.550000011920929,9.388764142990112,383.43704721647,332,1.3349753618240356,131.7491569519043,1.7066092491149902
0.6177096962928772,0.5699999928474426,9.53819727897644,377.42981138950836,333,1.4614403247833252,131.63595819473267,1.6250442266464233
0.6445543169975281,0.5049999952316284,8.4283447265625,427.13013252226807,334,1.3852862119674683,138.79431915283203,1.7333521842956543
0.6009060144424438,0.6150000095367432,8.140929460525513,442.2099488094094,335,1.4984482526779175,135.15226793289185,1.6363465785980225
0.6436379551887512,0.5350000262260437,16.37218189239502,219.88517008061228,336,1.4335097074508667,135.03508925437927,1.883254885673523
0.6301382184028625,0.6549999713897705,10.170450687408447,353.96661472013125,337,1.4356424808502197,133.1682939529419,1.405755877494812
0.6503490805625916,0.6200000047683716,8.611070156097412,418.0665044809647,338,1.368045449256897,135.0235080718994,1.5104680061340332
0.6503878235816956,0.675000011920929,10.339011192321777,348.1957735642577,339,1.3423504829406738,128.66505813598633,1.4591395854949951
0.6602609753608704,0.6349999904632568,10.52211618423462,342.1364996324515,340,1.3366258144378662,135.8386845588684,1.4871264696121216
0.649097204208374,0.6349999904632568,9.211328029632568,390.8231243550232,341,1.3442449569702148,136.31215357780457,1.4446808099746704
0.6576410531997681,0.675000011920929,10.004101991653442,359.8523888504464,342,1.3118829727172852,133.635675907135,1.2662187814712524
0.6577959060668945,0.6399999856948853,11.709499835968018,307.44267905806674,343,1.3043056726455688,128.49104738235474,1.3798737525939941
0.6709084510803223,0.6349999904632568,10.90505838394165,330.12202899355543,344,1.2631773948669434,135.44797039031982,1.3352388143539429
0.6578346490859985,0.6800000071525574,11.099025964736938,324.35278658124344,345,1.2928816080093384,133.24977827072144,1.2115886211395264
0.6447091698646545,0.5649999976158142,15.946329355239868,225.75728368591996,346,1.3389350175857544,134.1720564365387,1.7433258295059204
0.6435347199440002,0.6800000071525574,8.698353052139282,413.87145111506044,347,1.34246826171875,129.02021098136902,1.1999027729034424
0.6667914390563965,0.6449999809265137,9.720965385437012,370.33358902739883,348,1.293968915939331,118.59082746505737,1.4121737480163574
0.6645973920822144,0.6449999809265137,7.091474294662476,507.65184366664124,349,1.2775129079818726,120.27615356445312,1.3786513805389404
0.6516913175582886,0.7049999833106995,9.158730030059814,393.0675965100468,350,1.2970447540283203,122.48931431770325,1.113691806793213
0.6447478532791138,0.6549999713897705,5.660287857055664,636.0100565402387,351,1.3038520812988281,121.94337010383606,1.4064968824386597
0.664016604423523,0.6150000095367432,9.66260051727295,372.57050972609375,352,1.2782540321350098,118.86014080047607,1.4376728534698486
0.6657976508140564,0.7200000286102295,9.066209316253662,397.078853401941,353,1.267076015472412,122.65398287773132,1.1196407079696655
0.6524011492729187,0.6000000238418579,9.484302759170532,379.57455507407747,354,1.2878756523132324,124.73252248764038,1.589544415473938
0.6622872352600098,0.6600000262260437,9.300517797470093,387.0752229493356,355,1.2698174715042114,122.58922672271729,1.4345195293426514
0.6756708025932312,0.6449999809265137,8.253809690475464,436.16222508186047,356,1.2493081092834473,123.56027841567993,1.4485474824905396
0.6716440916061401,0.5649999976158142,9.894695043563843,363.83132417422763,357,1.2502177953720093,122.9383533000946,1.602393388748169
0.6574990749359131,0.6600000262260437,7.3606343269348145,489.08828235448374,358,1.2829139232635498,121.30758786201477,1.304965615272522
0.6665720343589783,0.6349999904632568,9.909180879592896,363.29945368278527,359,1.267698884010315,122.60172700881958,1.4056634902954102
0.6634358763694763,0.6100000143051147,8.328178882598877,432.2673721048353,360,1.292531967163086,120.92044162750244,1.4107033014297485
0.6329904794692993,0.550000011920929,8.223523616790771,437.7685488310057,361,1.3785513639450073,124.87943387031555,1.6761527061462402
0.6676432490348816,0.6150000095367432,7.6232078075408936,472.2421441061691,362,1.301491141319275,122.82346987724304,1.4839383363723755
0.6673980355262756,0.7300000190734863,9.279067754745483,387.9700089654906,363,1.2614212036132812,123.11421370506287,1.0587841272354126
0.6796200275421143,0.6150000095367432,9.61078953742981,374.57900685261905,364,1.2255314588546753,123.7358808517456,1.4804377555847168
0.6701986193656921,0.6399999856948853,8.238597393035889,436.96758419619954,365,1.2662699222564697,123.11929965019226,1.2641710042953491
0.6722119450569153,0.6399999856948853,8.913641214370728,403.875353900942,366,1.2489348649978638,126.60897302627563,1.3365814685821533
0.6759676337242126,0.6150000095367432,10.35171627998352,347.768418553076,367,1.253327488899231,117.403160572052,1.360324501991272
0.6758385896682739,0.675000011920929,8.091019868850708,444.937728290533,368,1.231674313545227,123.3299331665039,1.2387020587921143
0.6842275261878967,0.6299999952316284,7.732403516769409,465.57321952903936,369,1.2092827558517456,122.56488037109375,1.3527106046676636
0.6660170555114746,0.7099999785423279,9.494489192962646,379.16731767606143,370,1.231215000152588,119.42554712295532,1.180135726928711
0.6260212063789368,0.6899999976158142,8.14545226097107,441.9644096681283,371,1.354222059249878,123.18255496025085,1.2032760381698608
0.6041454076766968,0.5699999928474426,8.821599960327148,408.0892373481073,372,1.4686466455459595,121.41760444641113,1.7357255220413208
0.6552663445472717,0.5950000286102295,9.706740379333496,370.8763044352888,373,1.3070909976959229,123.72616529464722,1.7328498363494873
0.6656040549278259,0.5899999737739563,7.217783689498901,498.76806439040456,374,1.284923791885376,122.35970759391785,1.4097752571105957
0.6819302439689636,0.7049999833106995,7.503565549850464,479.7719132435304,375,1.214301586151123,125.40545201301575,1.0732687711715698
0.6681207418441772,0.6000000238418579,9.273895978927612,388.18636829440544,376,1.2511322498321533,122.32283854484558,1.5475382804870605
0.6597318053245544,0.550000011920929,14.45284128189087,249.08597069496156,377,1.2849785089492798,119.8992509841919,1.7964686155319214
0.6621968746185303,0.6050000190734863,7.911673545837402,455.0238301849652,378,1.255773663520813,125.20986247062683,1.360321044921875
0.6913387179374695,0.6200000047683716,9.154653310775757,393.2426360441758,379,1.2075587511062622,120.84167695045471,1.4528661966323853
0.6703922152519226,0.6449999809265137,9.718854427337646,370.4140263562084,380,1.222442626953125,122.05805015563965,1.395450472831726
0.6892867088317871,0.6200000047683716,9.392498970031738,383.284577564115,381,1.1909018754959106,118.96760606765747,1.4184941053390503
0.6887833476066589,0.6000000238418579,9.748595714569092,369.28395693134223,382,1.1917243003845215,124.29537987709045,1.3646156787872314
0.6770517230033875,0.675000011920929,8.989664793014526,400.4598706280352,383,1.1970508098602295,118.68662977218628,1.2546162605285645
0.6820334792137146,0.6700000166893005,9.053191184997559,397.64983710558533,384,1.1873451471328735,124.7154049873352,1.3091211318969727
0.6814785003662109,0.6050000190734863,9.13628339767456,394.03331128238653,385,1.2272305488586426,119.63031697273254,1.4471461772918701
0.6407856941223145,0.5849999785423279,8.609585523605347,418.1385956536111,386,1.3230305910110474,121.75894474983215,1.4274331331253052
0.6779422760009766,0.6449999809265137,12.41311764717102,290.01578026777577,387,1.207291841506958,121.01501417160034,1.471127986907959
0.6912354826927185,0.6050000190734863,9.014911413192749,399.3383667344339,388,1.1838277578353882,119.08193564414978,1.272131085395813
0.6969658136367798,0.6000000238418579,10.183340072631836,353.5185876464202,389,1.163571834564209,123.52301669120789,1.4604665040969849
0.6774518489837646,0.6549999713897705,9.544687986373901,377.17314648099534,390,1.1954365968704224,118.41637301445007,1.2189085483551025
0.6850793361663818,0.7250000238418579,8.340024709701538,431.6533973589189,391,1.1932679414749146,123.61516308784485,1.1033408641815186
0.6852470636367798,0.6100000143051147,8.457043886184692,425.6806572661766,392,1.1727254390716553,122.1796646118164,1.3319069147109985
0.673618733882904,0.6449999809265137,6.9890618324279785,515.0905924592988,393,1.2089240550994873,124.79980969429016,1.4220776557922363
0.6862537860870361,0.6850000023841858,9.45830774307251,380.6177698792605,394,1.1718999147415161,120.0674729347229,1.0830786228179932
0.6952234506607056,0.75,9.33621883392334,385.5950748411474,395,1.1356000900268555,123.17413067817688,1.0274407863616943
0.6926551461219788,0.6000000238418579,12.01919174194336,299.520972565658,396,1.1386759281158447,122.16473650932312,1.3726840019226074
0.6858536601066589,0.6800000071525574,7.785374641418457,462.405493095718,397,1.1523553133010864,121.18078422546387,1.1760441064834595
0.6947975754737854,0.5950000286102295,6.871022939682007,523.9394529174151,398,1.151080846786499,121.22348642349243,1.4160668849945068
0.6866022348403931,0.6200000047683716,9.089803457260132,396.0481672598364,399,1.157044768333435,121.45673894882202,1.3268699645996094
0.7044900059700012,0.7099999785423279,8.499015092849731,423.5784924101029,400,1.11465585231781,123.80996704101562,1.1210132837295532
0.6849244236946106,0.7450000047683716,9.847959518432617,365.55796084070107,401,1.151189923286438,120.80051493644714,1.0410130023956299
0.691287100315094,0.6800000071525574,8.299717664718628,433.7496943183121,402,1.1500929594039917,123.37449193000793,1.1730674505233765
0.6748189926147461,0.6949999928474426,9.053883790969849,397.61941760182117,403,1.1815567016601562,120.16261291503906,1.1684414148330688
0.6958300471305847,0.7099999785423279,9.588486194610596,375.45029809016705,404,1.114991307258606,121.67894220352173,1.012436866760254
0.6933779120445251,0.7149999737739563,9.636762380599976,373.56944768579706,405,1.123062252998352,120.52267503738403,1.1251853704452515
0.6932875514030457,0.699999988079071,14.664800882339478,245.48577433024727,406,1.1184638738632202,125.1870288848877,1.1043670177459717
0.694255530834198,0.6600000262260437,8.745579957962036,411.63650864829555,407,1.1286768913269043,119.85196018218994,1.3193145990371704
0.6943845748901367,0.7149999737739563,9.532664775848389,377.6488615356357,408,1.126192331314087,123.74484133720398,1.0458077192306519
0.6903707981109619,0.6850000023841858,7.928979873657227,454.03066439359077,409,1.1360876560211182,119.18549036979675,1.208952784538269
0.708439290523529,0.6399999856948853,9.156228303909302,393.17499307689394,410,1.0919053554534912,123.51102495193481,1.3319581747055054
0.6841113567352295,0.6700000166893005,8.295544385910034,433.96790283162045,411,1.1468719244003296,120.8986554145813,1.168331503868103
0.6948104500770569,0.6600000262260437,10.274434804916382,350.38423702658343,412,1.1148533821105957,119.01886749267578,1.288038969039917
0.6434831023216248,0.6299999952316284,8.62895393371582,417.2000485405025,413,1.2797809839248657,122.25425028800964,1.3565746545791626
0.6819560527801514,0.6200000047683716,8.83602523803711,407.42301012256127,414,1.1765882968902588,122.93803071975708,1.5021783113479614
0.7029412984848022,0.6700000166893005,9.082483291625977,396.3673683076511,415,1.1119945049285889,123.87811946868896,1.2591403722763062
0.6941522359848022,0.6800000071525574,9.38585352897644,383.55595353005606,416,1.1155732870101929,125.56233859062195,1.1700993776321411
0.7063226699829102,0.6200000047683716,8.744529962539673,411.68593571317035,417,1.0956428050994873,125.63632988929749,1.324184536933899
0.7066453099250793,0.6000000238418579,7.694668292999268,467.8564251139113,418,1.0894458293914795,120.18499779701233,1.3408875465393066
0.7069034576416016,0.6700000166893005,9.38032078742981,383.7821841683938,419,1.0902316570281982,125.84951162338257,1.1889517307281494
0.6904740333557129,0.6549999713897705,7.48864221572876,480.72800065661363,420,1.127976894378662,121.27578330039978,1.2988711595535278
0.7034446001052856,0.6700000166893005,9.652966022491455,372.94236731093673,421,1.0833266973495483,126.20724606513977,1.0567799806594849
0.7140533924102783,0.6650000214576721,8.146612405776978,441.90147029054003,422,1.0930581092834473,123.17381024360657,1.208162784576416
0.7083101868629456,0.6700000166893005,9.340834617614746,385.4045326111648,423,1.0851914882659912,118.45388197898865,1.2425837516784668
0.7043480277061462,0.6299999952316284,8.472151517868042,424.9215789410144,424,1.0882878303527832,124.37870979309082,1.3886663913726807
0.6877766847610474,0.7099999785423279,8.197961330413818,439.1335668593936,425,1.1314235925674438,123.48814916610718,1.0229214429855347
0.7067486047744751,0.6449999809265137,9.233721733093262,389.8752966637228,426,1.0914891958236694,123.82172298431396,1.256313681602478
0.7004633545875549,0.6000000238418579,10.041025400161743,358.5291199384886,427,1.093769907951355,121.549081325531,1.526155948638916
0.7069292664527893,0.6650000214576721,8.012256145477295,449.3116463871545,428,1.077721357345581,126.01205086708069,1.2066935300827026
0.6912612915039062,0.5799999833106995,7.952399492263794,452.6935553856582,429,1.129463791847229,123.76047325134277,1.492530345916748
0.7079359292984009,0.699999988079071,11.04874324798584,325.8289127730678,430,1.0789109468460083,120.37697196006775,1.1609110832214355
0.7156279683113098,0.6949999928474426,7.540264129638672,477.43685607105004,431,1.0600486993789673,123.64176297187805,0.9737945795059204
0.695946216583252,0.6899999976158142,9.257361888885498,388.879687670221,432,1.1030981540679932,121.5890531539917,1.1316421031951904
0.7033801078796387,0.75,8.023881435394287,448.66066740716974,433,1.078444480895996,124.93954992294312,0.9800958037376404
0.7168024182319641,0.6449999809265137,8.761677503585815,410.88022225500305,434,1.0474467277526855,121.26506805419922,1.4203675985336304
0.6938683390617371,0.5849999785423279,9.35000467300415,385.02654553682936,435,1.0903223752975464,124.99710822105408,1.5050326585769653
0.7094072103500366,0.6399999856948853,7.160601615905762,502.7510526494536,436,1.0849467515945435,121.23899483680725,1.2761303186416626
0.7115625143051147,0.6449999809265137,13.21938419342041,272.32736013465757,437,1.0579417943954468,120.4279625415802,1.3304251432418823
0.714324414730072,0.6949999928474426,7.981597423553467,451.0375315818989,438,1.0448548793792725,123.11730146408081,1.0931289196014404
0.7085295915603638,0.7049999833106995,9.480682373046875,379.7195031271828,439,1.050233006477356,120.45782947540283,1.0191067457199097
0.6873765587806702,0.6200000047683716,9.464704275131226,380.3605369328971,440,1.103309154510498,124.46383023262024,1.415757417678833
0.7078455686569214,0.6100000143051147,10.052384614944458,358.1239813136508,441,1.0667142868041992,119.25612688064575,1.444889783859253
0.6984112858772278,0.6800000071525574,9.202220916748047,391.20990819161904,442,1.0779343843460083,124.22862792015076,1.2630103826522827
0.7057676911354065,0.6399999856948853,9.018119096755981,399.19632479626495,443,1.074780821800232,118.16399621963501,1.5169700384140015
0.7083876729011536,0.7300000190734863,8.465265274047852,425.26724012259825,444,1.0491410493850708,122.09461188316345,0.9016240835189819
0.7103106379508972,0.6349999904632568,9.040009260177612,398.22968056664024,445,1.0469883680343628,120.99698758125305,1.3482922315597534
0.7036511301994324,0.7599999904632568,8.27278757095337,435.16166335999975,446,1.0554845333099365,124.93331980705261,0.8092544674873352
0.7208806872367859,0.6100000143051147,13.838350772857666,260.1466069974889,447,1.0274789333343506,119.35434627532959,1.225631833076477
0.701482892036438,0.6399999856948853,8.36549162864685,430.3393225177745,448,1.0645471811294556,122.92077493667603,1.279301404953003
0.7007859945297241,0.6700000166893005,8.44732666015625,426.1703311392258,449,1.0616501569747925,123.1283221244812,1.1929948329925537
0.6958816647529602,0.5899999737739563,9.185851812362671,391.9070406900079,450,1.095679521560669,123.82927775382996,1.4279203414916992
0.684201717376709,0.6499999761581421,8.733343124389648,412.2132783202189,451,1.1308784484863281,120.31177163124084,1.1834973096847534
0.7182478904724121,0.6700000166893005,9.17418622970581,392.40537633117583,452,1.0511271953582764,122.12761068344116,1.2526886463165283
0.6935843825340271,0.6650000214576721,8.925274133682251,403.3489555703728,453,1.1054859161376953,126.56692910194397,1.054202675819397
0.71576988697052,0.6200000047683716,8.692853689193726,414.13327875001943,454,1.0542875528335571,121.38069128990173,1.3978238105773926
0.7049288153648376,0.6600000262260437,8.408082246780396,428.1594654213217,455,1.0598689317703247,123.8011085987091,1.2587586641311646
0.7099234461784363,0.6349999904632568,7.860281229019165,457.99888007941183,456,1.041825771331787,121.63422393798828,1.24907648563385
0.7204418778419495,0.7350000143051147,9.318785429000854,386.3164387063247,457,1.022985816001892,128.46297669410706,1.1356254816055298
0.7055354118347168,0.6700000166893005,10.307449579238892,349.2619558625894,458,1.0546348094940186,120.47848796844482,1.2312313318252563
0.7124917507171631,0.7250000238418579,9.481931447982788,379.6694818718473,459,1.0347564220428467,117.36171817779541,1.0562630891799927
0.7063356041908264,0.6200000047683716,8.509040594100952,423.07942478212715,460,1.039984107017517,122.49246764183044,1.365532636642456
0.7181833386421204,0.5899999737739563,8.137418985366821,442.40071777964596,461,1.0524832010269165,120.51870131492615,1.5092674493789673
0.7185189127922058,0.7099999785423279,8.656789779663086,415.8585447526148,462,1.0242886543273926,123.64514374732971,1.020493984222412
0.721835732460022,0.6899999976158142,9.387272119522095,383.49799112708325,463,1.0250961780548096,122.50886082649231,1.2570228576660156
0.7001535892486572,0.675000011920929,9.161916255950928,392.9308999808524,464,1.065982460975647,125.87758088111877,1.1829663515090942
0.6928229331970215,0.675000011920929,9.219440221786499,390.4792388037643,465,1.072198510169983,119.53460741043091,1.1088348627090454
0.7034446001052856,0.7350000143051147,9.051344156265259,397.7309820341007,466,1.0408920049667358,124.37752938270569,1.0161253213882446
0.7238878011703491,0.6650000214576721,10.351562976837158,347.7735688857252,467,1.006408452987671,121.10103034973145,1.1361924409866333
0.7229585647583008,0.6299999952316284,10.151070356369019,354.6424045560157,468,0.994030773639679,123.1816086769104,1.299261212348938
0.6978046894073486,0.6850000023841858,8.40001392364502,428.5707181825541,469,1.0547839403152466,121.06509065628052,1.2131803035736084
0.6929907202720642,0.6600000262260437,7.6470019817352295,470.7727300971748,470,1.0765217542648315,120.56043601036072,1.419650673866272
0.7152794599533081,0.7300000190734863,8.186655044555664,439.74003795287456,471,1.0292673110961914,123.28561902046204,1.0373519659042358
0.7202483415603638,0.6700000166893005,9.410653591156006,382.54516172853573,472,1.0067678689956665,122.25867819786072,1.1091233491897583
0.7322767376899719,0.7250000238418579,8.562244176864624,420.450518069466,473,0.9914286732673645,121.07665872573853,1.0651800632476807
0.7195126414299011,0.7300000190734863,9.483745574951172,379.596855646197,474,1.0296905040740967,122.9857771396637,1.0376198291778564
0.6948233842849731,0.6650000214576721,7.58010458946228,474.9274838509027,475,1.081342339515686,123.16885328292847,1.2126662731170654
0.7146857976913452,0.5950000286102295,9.583533525466919,375.64432684807707,476,1.0375443696975708,115.67296695709229,1.5185414552688599
0.7089167833328247,0.6449999809265137,7.440941095352173,483.8097700099608,477,1.0408353805541992,127.55307054519653,1.1399339437484741
0.7150084376335144,0.6100000143051147,7.577996492385864,475.0596023127179,478,1.0187932252883911,116.58543419837952,1.4440431594848633
0.7244298458099365,0.6349999904632568,9.692895650863647,371.4060410502032,479,1.0124984979629517,120.75805902481079,1.2088384628295898
0.727307915687561,0.6800000071525574,9.001779317855835,399.92093483774676,480,1.0041080713272095,118.20283675193787,1.2670305967330933
0.7237458825111389,0.7300000190734863,8.430389642715454,427.0265257680817,481,1.0012357234954834,124.94117498397827,0.9697167277336121
0.7181962728500366,0.6549999713897705,9.324636459350586,386.0740325581253,482,1.0030875205993652,120.08970093727112,1.135981798171997
0.7142986059188843,0.6899999976158142,8.595765590667725,418.8108623981624,483,1.0289438962936401,124.57392048835754,1.1858006715774536
0.720390260219574,0.6949999928474426,7.573246955871582,475.3575343543893,484,1.007326364517212,122.96851587295532,1.0617772340774536
0.6943845748901367,0.6949999928474426,8.364396572113037,430.39566201373424,485,1.0587042570114136,118.87470960617065,1.1481351852416992
0.723461925983429,0.6200000047683716,9.059279441833496,397.3825979333518,486,0.9908130168914795,123.41162085533142,1.2340540885925293
0.7151633501052856,0.6949999928474426,13.963682889938354,257.8116409814784,487,1.0092953443527222,120.90341448783875,1.116589069366455
0.7298117280006409,0.6650000214576721,8.844834566116333,407.0172226613753,488,0.98624587059021,121.62483620643616,1.004520297050476
0.7195126414299011,0.6899999976158142,8.787720680236816,409.66254288170944,489,0.9991989135742188,121.36546587944031,1.0425076484680176
0.7164022922515869,0.7300000190734863,8.55543303489685,420.7852466749398,490,1.0011028051376343,123.2521562576294,0.9380766153335571
0.7150858640670776,0.6299999952316284,8.688995122909546,414.31718502271696,491,1.019783616065979,117.71844792366028,1.2860686779022217
0.6906418204307556,0.7200000286102295,7.9985246658325195,450.0830028540391,492,1.0788252353668213,123.98358607292175,0.9760096073150635
0.7194094061851501,0.7099999785423279,7.895854711532593,455.93544100322447,493,1.0059306621551514,117.54434084892273,1.066833734512329
0.7236555218696594,0.6850000023841858,7.763519763946533,463.70719846921133,494,0.9862743020057678,124.73821187019348,1.1180170774459839
0.7234877347946167,0.6449999809265137,6.9846930503845215,515.4127710453665,495,0.9880511164665222,120.51771903038025,1.2278591394424438
0.7119755148887634,0.7400000095367432,8.160943508148193,441.12546501585564,496,0.9990658164024353,122.17006945610046,0.8536880016326904
0.7107365727424622,0.6349999904632568,10.517930269241333,342.27266276216443,497,1.030565857887268,122.71098494529724,1.3141984939575195
0.7208678126335144,0.625,7.339772939682007,490.47838803525286,498,1.004065990447998,122.83167910575867,1.1656979322433472
0.7367680668830872,0.7300000190734863,7.49879789352417,480.0769471476083,499,0.9713887572288513,123.30869674682617,1.040189504623413
0.7304053902626038,0.6899999976158142,8.598328351974487,418.68603438170743,500,0.9806230664253235,119.89679837226868,1.1292548179626465
0.7398784160614014,0.6850000023841858,8.861308336257935,406.2605501796875,501,0.9585903286933899,123.78034329414368,1.3196247816085815
0.7216938138008118,0.7250000238418579,8.333434581756592,431.99475134550846,502,0.9897141456604004,122.20231580734253,0.937792956829071
0.7310764789581299,0.7300000190734863,8.796503067016602,409.25353774940095,503,0.9709022045135498,123.8994812965393,1.0086930990219116
0.7355806827545166,0.6349999904632568,7.69502329826355,467.8348408395816,504,0.9588402509689331,121.68142986297607,1.3343936204910278
0.7332189083099365,0.7749999761581421,8.60586929321289,418.3191583956751,505,0.966768741607666,122.41307258605957,0.9138841032981873
0.7169830799102783,0.7900000214576721,6.863314390182495,524.5279168836496,506,0.9937775731086731,122.0518798828125,0.8453378081321716
0.7228166460990906,0.6949999928474426,14.534430265426636,247.6877272969824,507,0.9890614151954651,117.44310593605042,1.263905644416809
0.7159892916679382,0.7400000095367432,7.452654123306274,483.04938622361647,508,0.9947707056999207,124.83367562294006,0.9453977942466736
